{"name":"6ceb87e3-bc1c-4d14-8820-231a2cc8cdd3","id":"/providers/Microsoft.Flow/flows/6ceb87e3-bc1c-4d14-8820-231a2cc8cdd3","type":"Microsoft.Flow/flows","properties":{"apiId":"/providers/Microsoft.PowerApps/apis/shared_logicflows","displayName":"TechSupport Open tickets","definition":{"metadata":{"workflowEntityId":null,"processAdvisorMetadata":null,"flowChargedByPaygo":null,"flowclientsuspensionreason":"None","flowclientsuspensiontime":null,"flowclientsuspensionreasondetails":null,"creator":{"id":"f4c6bfb7-79db-4604-89b2-ffbef7b6e84a","type":"User","tenantId":"05d75c05-fa1a-42e7-9cf1-eb416c396f2d"},"provisioningMethod":"FromDefinition","failureAlertSubscription":true,"clientLastModifiedTime":"2024-10-04T03:55:11.0078362Z","connectionKeySavedTimeKey":"2024-10-04T03:55:11.0078362Z"},"$schema":"https://schema.management.azure.com/providers/Microsoft.Logic/schemas/2016-06-01/workflowdefinition.json#","contentVersion":"1.0.0.0","parameters":{"$connections":{"defaultValue":{},"type":"Object"},"$authentication":{"defaultValue":{},"type":"SecureObject"}},"triggers":{"Recurrence":{"recurrence":{"frequency":"Day","interval":1,"timeZone":"India Standard Time","schedule":{"hours":["4","10","15"],"minutes":[30]}},"metadata":{"operationMetadataId":"bde5cdf5-1499-44b5-a470-cc95d4837fa1"},"type":"Recurrence"}},"actions":{"List_Records_Incidents":{"runAfter":{},"metadata":{"operationMetadataId":"ad218c56-04f5-4f2e-959a-e784a7b56e19"},"type":"OpenApiConnection","inputs":{"host":{"apiId":"/providers/Microsoft.PowerApps/apis/shared_service-now","connectionName":"shared_service-now","operationId":"GetRecords"},"parameters":{"tableType":"incident","sysparm_display_value":true,"sysparm_exclude_reference_link":true,"sysparm_query":"active=true^state!=6^assignment_group=5456e83d479cfddcdd02e929736d43a1^assigned_to=32fb57ca37fb42407b97579543990ee9^ORassigned_to=01eb17ca37fb42407b97579543990e0c^ORassigned_to=040c944fdb47eb84c898fda51d961970^ORassigned_to=0f1fc160dbc99340928a9ea9db9619ed^ORassigned_to=669dd3bddbaac340ac8e7db33c96196c^ORassigned_to=11cb53ca37fb42407b97579543990e4f^ORassigned_to=2db91fc637fb42407b97579543990e79^ORassigned_to=968997c637fb42407b97579543990ed8^ORassigned_to=cc4456011bb5d1109f34ece8b04bcb23^ORassigned_to=821b538a37fb42407b97579543990eb1^ORassigned_to=db950ff8839052948d335390ceaad3d3^ORassigned_to=3e1fb861c3989694dfcff80c0501311f^ORassigned_to=83423afcfb9cda5414d0f860beefdc4b^ORassigned_to=c6fb730283d41e188387cd50ceaad367^ORassigned_to=4be9e76d836c1edc8387cd50ceaad363"},"authentication":"@parameters('$authentication')"}},"Create_HTML_table":{"runAfter":{"List_Records_Incidents":["Succeeded"]},"metadata":{"operationMetadataId":"1ecf187b-0d64-461a-ad02-41e0e7688927"},"type":"Table","inputs":{"from":"@outputs('List_Records_Incidents')?['body/result']","format":"HTML","columns":[{"header":"INCIDENT","value":"@item()?['task_effective_number']"},{"header":"ASSIGNEDTO","value":"@item()?['assigned_to']"},{"header":"UPDATED","value":"@item()?['sys_updated_on']"},{"header":"CREATED","value":"@item()?['sys_created_on']"},{"header":"INCSTATE","value":"@item()?['state']"}]}},"Workflow":{"runAfter":{"Create_HTML_table":["Succeeded"]},"metadata":{"operationMetadataId":"5e974dad-a17b-44c0-a265-fd0c7432155d"},"type":"OpenApiConnection","inputs":{"host":{"apiId":"/providers/Microsoft.PowerApps/apis/shared_teams","connectionName":"shared_teams","operationId":"PostMessageToConversation"},"parameters":{"poster":"Flow bot","location":"Chat with Flow bot","body/recipient":"aishwarya.n@maersk.com","body/messageBody":"<p class=\"editor-paragraph\"><b><strong class=\"editor-text-bold\">===========Tech Support Open Incidents=====================</strong></b><br>MNL Team,<br><br>Let’s take action on OPEN tickets. Thanks.<br><br>@{body('Create_HTML_table')}<br>======================================</p>"},"authentication":"@parameters('$authentication')"}},"ON_GCs":{"runAfter":{"Workflow":["Succeeded"]},"metadata":{"operationMetadataId":"5e974dad-a17b-44c0-a265-fd0c7432155d"},"type":"OpenApiConnection","inputs":{"host":{"apiId":"/providers/Microsoft.PowerApps/apis/shared_teams","connectionName":"shared_teams","operationId":"PostMessageToConversation"},"parameters":{"poster":"Flow bot","location":"Group chat","body/recipient":"19:meeting_YWEyYmNjMDAtOGU3YS00ZmE2LWFmYmQtMzkzMjFiMDQxNzc2@thread.v2","body/messageBody":"<p class=\"editor-paragraph\"><b><strong class=\"editor-text-bold\">===========Tech Support Open Incidents=====================</strong></b><br>MNL Team,<br><br>Let’s take action on OPEN tickets. Thanks.<br><br>@{body('Create_HTML_table')}<br>======================================</p>"},"authentication":"@parameters('$authentication')"}},"List_Records_requests":{"runAfter":{},"metadata":{"operationMetadataId":"d5cd017c-cfff-49b1-8f13-bc67082c2f0b"},"type":"OpenApiConnection","inputs":{"host":{"apiId":"/providers/Microsoft.PowerApps/apis/shared_service-now","connectionName":"shared_service-now","operationId":"GetRecords"},"parameters":{"tableType":"sc_req_item","sysparm_display_value":true,"sysparm_exclude_reference_link":true,"sysparm_query":"active=true^stateIN-5,-4,1,2^assignment_group=5456e83d479cfddcdd02e929736d43a1^assigned_to=32fb57ca37fb42407b97579543990ee9^ORassigned_to=01eb17ca37fb42407b97579543990e0c^ORassigned_to=040c944fdb47eb84c898fda51d961970^ORassigned_to=0f1fc160dbc99340928a9ea9db9619ed^ORassigned_to=669dd3bddbaac340ac8e7db33c96196c^ORassigned_to=11cb53ca37fb42407b97579543990e4f^ORassigned_to=2db91fc637fb42407b97579543990e79^ORassigned_to=968997c637fb42407b97579543990ed8^ORassigned_to=cc4456011bb5d1109f34ece8b04bcb23^ORassigned_to=821b538a37fb42407b97579543990eb1^ORassigned_to=db950ff8839052948d335390ceaad3d3^ORassigned_to=3e1fb861c3989694dfcff80c0501311f^ORassigned_to=83423afcfb9cda5414d0f860beefdc4b^ORassigned_to=c6fb730283d41e188387cd50ceaad367^ORassigned_to="},"authentication":"@parameters('$authentication')"}},"Workflow_2":{"runAfter":{"Create_HTML_table_2":["Succeeded"]},"metadata":{"operationMetadataId":"5e974dad-a17b-44c0-a265-fd0c7432155d"},"type":"OpenApiConnection","inputs":{"host":{"apiId":"/providers/Microsoft.PowerApps/apis/shared_teams","connectionName":"shared_teams","operationId":"PostMessageToConversation"},"parameters":{"poster":"Flow bot","location":"Chat with Flow bot","body/recipient":"aishwarya.n@maersk.com","body/messageBody":"<p class=\"editor-paragraph\"><b><strong class=\"editor-text-bold\">===========Tech Support Open Requests=====================</strong></b><br>MNL Team,<br><br>Let’s take action on OPEN tickets. Thanks.<br><br>@{body('Create_HTML_table_2')}<br>======================================</p>"},"authentication":"@parameters('$authentication')"}},"ON_GCs_2":{"runAfter":{"Workflow_2":["Succeeded"]},"metadata":{"operationMetadataId":"5e974dad-a17b-44c0-a265-fd0c7432155d"},"type":"OpenApiConnection","inputs":{"host":{"apiId":"/providers/Microsoft.PowerApps/apis/shared_teams","connectionName":"shared_teams","operationId":"PostMessageToConversation"},"parameters":{"poster":"Flow bot","location":"Group chat","body/recipient":"19:meeting_YWEyYmNjMDAtOGU3YS00ZmE2LWFmYmQtMzkzMjFiMDQxNzc2@thread.v2","body/messageBody":"<p class=\"editor-paragraph\"><b><strong class=\"editor-text-bold\">===========Tech Support Open Requests=====================</strong></b><br>MNL Team,<br><br>Let’s take action on OPEN tickets. Thanks.<br><br>@{body('Create_HTML_table_2')}<br>======================================</p>"},"authentication":"@parameters('$authentication')"}},"Create_HTML_table_2":{"runAfter":{"List_Records_requests":["Succeeded"]},"metadata":{"operationMetadataId":"1ecf187b-0d64-461a-ad02-41e0e7688927"},"type":"Table","inputs":{"from":"@outputs('List_Records_requests')?['body/result']","format":"HTML","columns":[{"header":"REQUEST","value":"@item()?['task_effective_number']"},{"header":"ASSIGNEDTO","value":"@item()?['assigned_to']"},{"header":"UPDATED","value":"@item()?['sys_updated_on']"},{"header":"CREATED","value":"@item()?['sys_created_on']"},{"header":"REQSTATE","value":"@item()?['state']"}]}}}},"connectionReferences":{"shared_service-now":{"connectionName":"shared-service-now-3d93a7eb-ec28-4e96-9cc9-2183b3d9abe9","source":"Embedded","id":"/providers/Microsoft.PowerApps/apis/shared_service-now","tier":"NotSpecified"},"shared_teams":{"connectionName":"shared-teams-daa61f48-e803-4119-8ada-cfc8770eec5a","source":"Embedded","id":"/providers/Microsoft.PowerApps/apis/shared_teams","tier":"NotSpecified"}},"flowFailureAlertSubscribed":false,"isManaged":false}}