{"name":"fd6e9cae-461c-453c-83b1-7b717ae54b2d","id":"/providers/Microsoft.Flow/flows/fd6e9cae-461c-453c-83b1-7b717ae54b2d","type":"Microsoft.Flow/flows","properties":{"apiId":"/providers/Microsoft.PowerApps/apis/shared_logicflows","displayName":"Cods Access Request","definition":{"metadata":{"workflowEntityId":null,"processAdvisorMetadata":null,"flowChargedByPaygo":null,"flowclientsuspensionreason":"None","flowclientsuspensiontime":null,"flowclientsuspensionreasondetails":null,"creator":{"id":"f4c6bfb7-79db-4604-89b2-ffbef7b6e84a","type":"User","tenantId":"05d75c05-fa1a-42e7-9cf1-eb416c396f2d"},"provisioningMethod":"FromDefinition","failureAlertSubscription":true,"clientLastModifiedTime":"2024-10-03T06:18:44.4302038Z","connectionKeySavedTimeKey":"2024-10-03T06:18:44.4302038Z"},"$schema":"https://schema.management.azure.com/providers/Microsoft.Logic/schemas/2016-06-01/workflowdefinition.json#","contentVersion":"1.0.0.0","parameters":{"$connections":{"defaultValue":{},"type":"Object"},"$authentication":{"defaultValue":{},"type":"SecureObject"}},"triggers":{"Recurrence":{"recurrence":{"frequency":"Day","interval":1,"timeZone":"India Standard Time","schedule":{"hours":["12"],"minutes":[5]}},"metadata":{"operationMetadataId":"ce24c7e7-1fc6-4dd0-8983-18a0e1671ada"},"type":"Recurrence"}},"actions":{"List_Records":{"runAfter":{},"metadata":{"operationMetadataId":"f36d963a-56a6-4061-9f5f-2086407f6fd7"},"type":"OpenApiConnection","inputs":{"host":{"apiId":"/providers/Microsoft.PowerApps/apis/shared_service-now","connectionName":"shared_service-now","operationId":"GetRecords"},"parameters":{"tableType":"sc_req_item","sysparm_display_value":false,"sysparm_exclude_reference_link":true,"sysparm_query":"active=true^state=1^assignment_group=5456e83d479cfddcdd02e929736d43a1^cat_item=78ba31f71ba885509d9942ead34bcb5f^ORcat_item=dacf84d11baf9194dfb1fee5d34bcb4b^ORcat_item=f13249c81ba0ed10b131eb91b24bcbed^assigned_to=2366ee591b466d10358ded38b04bcb4f"},"authentication":"@parameters('$authentication')"}},"Initialize_variable":{"runAfter":{"List_Records":["Succeeded"]},"metadata":{"operationMetadataId":"34986a60-f6cc-4260-96fe-f59c18248993"},"type":"InitializeVariable","inputs":{"variables":[{"name":"Requestedfor","type":"string"}]}},"Apply_to_each":{"foreach":"@outputs('List_Records')?['body/result']","actions":{"Get_Record":{"runAfter":{},"metadata":{"operationMetadataId":"1aa562b0-9d93-4517-8bee-e1ae2697e021"},"type":"OpenApiConnection","inputs":{"host":{"apiId":"/providers/Microsoft.PowerApps/apis/shared_service-now","connectionName":"shared_service-now","operationId":"GetRecord"},"parameters":{"tableType":"sc_req_item","sysid":"@items('Apply_to_each')?['sys_id']","sysparm_display_value":false,"sysparm_exclude_reference_link":true},"authentication":"@parameters('$authentication')"}},"HTTP":{"runAfter":{"Get_Record":["Succeeded"]},"metadata":{"operationMetadataId":"2bafcf3f-0feb-4b66-9106-bda512efdf87"},"type":"Http","inputs":{"method":"GET","uri":"https://maersk.service-now.com/api/mluk/power_automate/retrieveItem?ritm=@{outputs('Get_Record')?['body/result/number']}","headers":{"Accept ":"application/json","content-type":"application/json","sysparm_quantity":"1"},"authentication":{"type":"Basic","username":"Tech_Support","password":":hT}@_whX@s8Jhn$j6NXtr)^Q!{ePJ,;QvdV]1S6"}}},"Parse_JSON":{"runAfter":{"HTTP":["Succeeded"]},"metadata":{"operationMetadataId":"0d01cbd7-9a6e-48d0-9f20-a0857542eba4"},"type":"ParseJson","inputs":{"content":"@body('HTTP')","schema":{"type":"object","properties":{"result":{"type":"object","properties":{"status":{"type":"string"},"message":{"type":"object","properties":{"code":{"type":"string"},"message":{"type":"string"}}},"data":{"type":"object","properties":{"ritmNumber":{"type":"string"},"shortDescription":{"type":"string"},"state":{"type":"string"},"stage":{"type":"string"},"approval":{"type":"string"},"requested_for":{"type":"string"},"maerskId":{"type":"string"},"firstName":{"type":"string"},"lastName":{"type":"string"},"location":{"type":"string"},"variables":{"type":"array","items":{"type":"object","properties":{"variableName":{"type":"string"},"variableAnswer":{"type":"string"}},"required":["variableName","variableAnswer"]}}}}}}}}}},"Compose":{"runAfter":{"Parse_JSON":["Succeeded"]},"metadata":{"operationMetadataId":"59021422-6fc9-4b3c-b381-74e7ba0c050b"},"type":"Compose","inputs":"@body('Parse_JSON')?['result']?['data']?['variables']"},"Compose_2":{"runAfter":{"Compose":["Succeeded"]},"metadata":{"operationMetadataId":"e25302ef-6cf1-438e-a1c3-1b28a48a2dec"},"type":"Compose","inputs":"@body('Parse_JSON')?['result']?['data']"},"Email":{"runAfter":{"Compose_2":["Succeeded"]},"metadata":{"operationMetadataId":"3594a55f-a86e-449e-bb4c-3ba109d824c9"},"type":"SetVariable","inputs":{"name":"Requestedfor","value":"@{outputs('Compose_2')?['requested_for']}"}},"Compose_3":{"runAfter":{"Email":["Succeeded"]},"metadata":{"operationMetadataId":"d33ff1e1-a604-47bb-a3c3-80a4c11d1181"},"type":"Compose","inputs":"@outputs('Compose')?[5]['variableAnswer']"},"Compose_5":{"runAfter":{"Compose_3":["Succeeded"]},"metadata":{"operationMetadataId":"02a3858f-049e-4de1-a7df-95d746d3cd6d"},"type":"Compose","inputs":"@outputs('Compose')?[2]['variableAnswer']"},"Add_a_row_into_a_table":{"runAfter":{"Compose_5":["Succeeded"]},"metadata":{"01JH6H4G6TTUC2NWOLEBH2OM6AN5P3RXZR":"/Desktop/CODS/cods_excel.xlsx","operationMetadataId":"4353a76d-054b-43e4-9d0a-432d182449b5","tableId":"{0E5EFD45-EFE7-4F92-9886-CA28EF8518C3}","01JH6H4G5CKRCB3NLAWVCJWDFXEOPTELS6":"/Desktop/CODS/CODS__EXCEL.xlsx","01JH6H4G4FMH2ZXWUINFDYX4AU252W2ZJG":"/Desktop/CODS/CODS__EXCEL (2).xlsx"},"type":"OpenApiConnection","inputs":{"host":{"apiId":"/providers/Microsoft.PowerApps/apis/shared_excelonlinebusiness","connectionName":"shared_excelonlinebusiness_1","operationId":"AddRowV2"},"parameters":{"source":"me","drive":"b!-U4CGe5xuE6Camn3oXEAWQKtK6uS47lFvKZhheofG9LY3V2TkdFdSLlraU6FOvqu","file":"01JH6H4G4FMH2ZXWUINFDYX4AU252W2ZJG","table":"{0E5EFD45-EFE7-4F92-9886-CA28EF8518C3}","item/Req NO":"@items('Apply_to_each')?['number']","item/EMAIL":"@variables('Requestedfor')","item/ACCESS TYPE":"@outputs('Compose_3')","item/caller id":"@outputs('Compose_5')"},"authentication":"@parameters('$authentication')"}},"Get_user_profile_(V2)_2":{"runAfter":{"Add_a_row_into_a_table":["Succeeded"]},"metadata":{"operationMetadataId":"e3a018e5-866e-42b1-86f0-fc24f3ca4af6"},"type":"OpenApiConnection","inputs":{"host":{"apiId":"/providers/Microsoft.PowerApps/apis/shared_office365users","connectionName":"shared_office365users","operationId":"UserProfile_V2"},"parameters":{"id":"@variables('Requestedfor')"},"authentication":"@parameters('$authentication')"}},"Compose_6":{"runAfter":{"Get_user_profile_(V2)_2":["Succeeded"]},"metadata":{"operationMetadataId":"8c0c571c-9390-40c9-acd4-14910764366c"},"type":"Compose","inputs":"@outputs('Get_user_profile_(V2)_2')?['body/department']"},"Update_a_row_2":{"runAfter":{"Compose_6":["Succeeded"]},"metadata":{"01JH6H4G6TTUC2NWOLEBH2OM6AN5P3RXZR":"/Desktop/CODS/cods_excel.xlsx","operationMetadataId":"5639d229-317c-4a22-b8d7-b923614a3a12","tableId":"{0E5EFD45-EFE7-4F92-9886-CA28EF8518C3}","01JH6H4G5CKRCB3NLAWVCJWDFXEOPTELS6":"/Desktop/CODS/CODS__EXCEL.xlsx","01JH6H4G4FMH2ZXWUINFDYX4AU252W2ZJG":"/Desktop/CODS/CODS__EXCEL (2).xlsx"},"type":"OpenApiConnection","inputs":{"host":{"apiId":"/providers/Microsoft.PowerApps/apis/shared_excelonlinebusiness","connectionName":"shared_excelonlinebusiness_1","operationId":"PatchItem"},"parameters":{"source":"me","drive":"b!-U4CGe5xuE6Camn3oXEAWQKtK6uS47lFvKZhheofG9LY3V2TkdFdSLlraU6FOvqu","file":"01JH6H4G4FMH2ZXWUINFDYX4AU252W2ZJG","table":"{0E5EFD45-EFE7-4F92-9886-CA28EF8518C3}","idColumn":"Req NO","id":"@items('Apply_to_each')?['number']","item/DEPARTMENT":"@outputs('Compose_6')"},"authentication":"@parameters('$authentication')"}}},"runAfter":{"Initialize_variable":["Succeeded"]},"metadata":{"operationMetadataId":"70397001-70a8-4a5a-a266-e9d608744ec4"},"type":"Foreach"}}},"connectionReferences":{"shared_service-now":{"connectionName":"shared-service-now-3d93a7eb-ec28-4e96-9cc9-2183b3d9abe9","source":"Embedded","id":"/providers/Microsoft.PowerApps/apis/shared_service-now","tier":"NotSpecified"},"shared_excelonlinebusiness_1":{"connectionName":"shared-excelonlinebu-485112ec-fbe2-4f8f-99c2-f98e7848bca7","source":"Embedded","id":"/providers/Microsoft.PowerApps/apis/shared_excelonlinebusiness","tier":"NotSpecified"},"shared_office365users":{"connectionName":"shared-office365user-eb7da1e2-0f40-4d4d-afc5-a008f974c17b","source":"Embedded","id":"/providers/Microsoft.PowerApps/apis/shared_office365users","tier":"NotSpecified"}},"flowFailureAlertSubscribed":false,"isManaged":false}}