{"name":"f5884624-d114-4319-98dc-96cf9323cc11","id":"/providers/Microsoft.Flow/flows/f5884624-d114-4319-98dc-96cf9323cc11","type":"Microsoft.Flow/flows","properties":{"apiId":"/providers/Microsoft.PowerApps/apis/shared_logicflows","displayName":"Service Desk- Production Automate Queue Handling","definition":{"metadata":{"workflowEntityId":null,"processAdvisorMetadata":null,"flowChargedByPaygo":null,"flowclientsuspensionreason":"None","flowclientsuspensiontime":null,"flowclientsuspensionreasondetails":null,"creator":{"id":"e8104115-8f81-4120-a9e6-8e32c54151d1","type":"User","tenantId":"05d75c05-fa1a-42e7-9cf1-eb416c396f2d"},"provisioningMethod":"FromDefinition","failureAlertSubscription":true,"clientLastModifiedTime":"2024-10-01T09:29:42.2581667Z","connectionKeySavedTimeKey":"2024-10-01T09:29:42.2581667Z"},"$schema":"https://schema.management.azure.com/providers/Microsoft.Logic/schemas/2016-06-01/workflowdefinition.json#","contentVersion":"1.0.0.0","parameters":{"$connections":{"defaultValue":{},"type":"Object"},"$authentication":{"defaultValue":{},"type":"SecureObject"}},"triggers":{"Recurrence":{"recurrence":{"frequency":"Minute","interval":5},"metadata":{"operationMetadataId":"0235c3cc-a6ba-4ba5-a068-2d0d4c9c0736"},"type":"Recurrence"}},"actions":{"List_rows_present_in_Login_Sheet":{"runAfter":{"Apply_to_each_12":["Succeeded"]},"metadata":{"012EFUUM77TWHW2JHD5RH3PAPHDPLZWRKS":"/Documents/Queue Handling in Service Now/Book1.xlsx","operationMetadataId":"755216ad-b2c2-4356-bcea-4fb5d11889a6","tableId":"{10F1A1DE-E5C2-453D-8FBD-81C5287CE1D2}","012EFUUM7DSMPN4NDLJ5ELY43ABAOO6HEM":"/Documents/Queue Handling in Service Now/Automate Queue Handling Data.xlsx","012EFUUMZ5NPQHTTPXERCZ3ZGDEKK45HA5":"/Documents/Queue Handling in Service Now/Book1 - Copy.xlsx"},"type":"OpenApiConnection","inputs":{"host":{"apiId":"/providers/Microsoft.PowerApps/apis/shared_excelonlinebusiness","connectionName":"shared_excelonlinebusiness","operationId":"GetItems"},"parameters":{"source":"https://teamsite.maerskgroup.com//teams//TechSupportServiceDesk","drive":"b!_pXCc3qe7Ue8loBiZAWGW_WI9xTmqTNKmHS4nBVrErbGvTy5TxJmSa0PaZ4BEqX3","file":"Shared Documents/General/Hybrid-Team/QH Automation Data/New_Queue Handling Automation Data.xlsx","table":"{10F1A1DE-E5C2-453D-8FBD-81C5287CE1D2}"},"authentication":"@parameters('$authentication')"}},"List_rows_present_in_ticket_assignment_count_sheet":{"runAfter":{"List_rows_present_in_Login_Sheet":["Succeeded"]},"metadata":{"012EFUUM77TWHW2JHD5RH3PAPHDPLZWRKS":"/Documents/Queue Handling in Service Now/Book1.xlsx","operationMetadataId":"364e8d65-017b-40c7-bc28-08878453d3b0","tableId":"{AB94A16F-3713-48E8-B1B6-4413C0C7BCF7}","01CIZFCRAHO3S3E3WXXFDINQC3FTBDKFNI":"/General/Queue Handling_Service Desk/Ticket_Assignment Queue.xlsx"},"type":"OpenApiConnection","inputs":{"host":{"apiId":"/providers/Microsoft.PowerApps/apis/shared_excelonlinebusiness","connectionName":"shared_excelonlinebusiness","operationId":"GetItems"},"parameters":{"source":"groups/7b519f4d-bbc1-439c-839a-ecca8e8b9cca","drive":"b!JQImw_Ysyk6GPfeO7xHQb3MJzR-wtoBCq4hb212GejpEj7fC_qZXQ4vWCdACy8xp","file":"01CIZFCRAHO3S3E3WXXFDINQC3FTBDKFNI","table":"{AB94A16F-3713-48E8-B1B6-4413C0C7BCF7}"},"authentication":"@parameters('$authentication')"}},"Filter_persons_in_a_shift":{"runAfter":{"Union_INC_PT_and_INC_Senator":["Succeeded"]},"metadata":{"operationMetadataId":"a5ec8f88-081c-4bbf-ae5c-eaf7f22695c7"},"type":"Query","inputs":{"from":"@outputs('List_rows_present_in_ticket_assignment_count_sheet')?['body/value']","where":"@not(equals(item()?['APM ID'], ''))"}},"Select":{"runAfter":{"Filter_persons_in_a_shift":["Succeeded"]},"metadata":{"operationMetadataId":"a5ae2ffe-c7ec-44bb-80c5-133cb5cdab16"},"type":"Select","inputs":{"from":"@body('Filter_persons_in_a_shift')","select":"@item()['APM ID']"}},"Test_ticket_count":{"runAfter":{},"metadata":{"operationMetadataId":"0bafa34c-64eb-410d-a358-b65e04f2d886"},"type":"InitializeVariable","inputs":{"variables":[{"name":"Ticket_count","type":"integer","value":8}]}},"Apply_to_each_3":{"foreach":"@outputs('List_Records_Incidents')?['body/result']","actions":{"List_rows_present_in_a_table":{"runAfter":{},"metadata":{"012EFUUM77TWHW2JHD5RH3PAPHDPLZWRKS":"/Documents/Queue Handling in Service Now/Book1.xlsx","operationMetadataId":"6bb5749d-1963-4b94-a38b-d1abd7b7b2b3","tableId":"{AB94A16F-3713-48E8-B1B6-4413C0C7BCF7}","012EFUUMZ5NPQHTTPXERCZ3ZGDEKK45HA5":"/Documents/Queue Handling in Service Now/Book1 - Copy.xlsx","01CIZFCRAHO3S3E3WXXFDINQC3FTBDKFNI":"/General/Queue Handling_Service Desk/Ticket_Assignment Queue.xlsx"},"type":"OpenApiConnection","inputs":{"host":{"apiId":"/providers/Microsoft.PowerApps/apis/shared_excelonlinebusiness","connectionName":"shared_excelonlinebusiness_1","operationId":"GetItems"},"parameters":{"source":"groups/7b519f4d-bbc1-439c-839a-ecca8e8b9cca","drive":"b!JQImw_Ysyk6GPfeO7xHQb3MJzR-wtoBCq4hb212GejpEj7fC_qZXQ4vWCdACy8xp","file":"01CIZFCRAHO3S3E3WXXFDINQC3FTBDKFNI","table":"{AB94A16F-3713-48E8-B1B6-4413C0C7BCF7}","$top":1},"authentication":"@parameters('$authentication')"}},"Short_description_2":{"runAfter":{"VIP_User_2":["Succeeded"]},"metadata":{"operationMetadataId":"97bf77de-adf8-4aae-9484-8e5d55859cd7"},"type":"Compose","inputs":"@items('Apply_to_each_3')?['short_description']"},"Condition_2":{"actions":{"Post_message_in_a_chat_or_channel_4":{"runAfter":{},"metadata":{"operationMetadataId":"79a4f7ca-758d-4e09-8eff-564c1e27f9b8"},"type":"OpenApiConnection","inputs":{"host":{"apiId":"/providers/Microsoft.PowerApps/apis/shared_teams","connectionName":"shared_teams_1","operationId":"PostMessageToConversation"},"parameters":{"poster":"Flow bot","location":"Group chat","body/recipient":"19:c0bbc943d6764823b7fe881ebb46817a@thread.v2","body/messageBody":"<p>=========VIP Ticket=======<br>\nPlease take action on VIP ticket @{items('Apply_to_each_3')?['number']}.</p>"},"authentication":"@parameters('$authentication')"}}},"runAfter":{"Short_description_2":["Succeeded"]},"else":{"actions":{"Apply_to_each":{"foreach":"@outputs('List_rows_present_in_a_table')?['body/value']","actions":{"Update_Record":{"runAfter":{},"metadata":{"operationMetadataId":"8585e00d-9d56-4c91-a66a-a3508fffdec2"},"type":"OpenApiConnection","inputs":{"host":{"apiId":"/providers/Microsoft.PowerApps/apis/shared_service-now","connectionName":"shared_service-now_1","operationId":"UpdateRecord"},"parameters":{"tableType":"incident","sysid":"@items('Apply_to_each_3')?['sys_id']","sysparm_display_value":false,"sysparm_exclude_reference_link":true,"body/assigned_to":"@items('Apply_to_each')?['Mail ID']"},"authentication":"@parameters('$authentication')"}},"Add_assigned_ticket_data_in_sheet":{"runAfter":{"Update_Record":["Succeeded"]},"metadata":{"012EFUUM77TWHW2JHD5RH3PAPHDPLZWRKS":"/Documents/Queue Handling in Service Now/Book1.xlsx","operationMetadataId":"396e58dd-44f9-4f75-9718-58f81c06cc94","tableId":"{2930CAD5-1AD4-4B83-A756-C6C2A09BCC56}","012EFUUM7DSMPN4NDLJ5ELY43ABAOO6HEM":"/Documents/Queue Handling in Service Now/Automate Queue Handling Data.xlsx","012EFUUMZ5NPQHTTPXERCZ3ZGDEKK45HA5":"/Documents/Queue Handling in Service Now/Book1 - Copy.xlsx"},"type":"OpenApiConnection","inputs":{"host":{"apiId":"/providers/Microsoft.PowerApps/apis/shared_excelonlinebusiness","connectionName":"shared_excelonlinebusiness","operationId":"AddRowV2"},"parameters":{"source":"https://teamsite.maerskgroup.com//teams//TechSupportServiceDesk","drive":"b!_pXCc3qe7Ue8loBiZAWGW_WI9xTmqTNKmHS4nBVrErbGvTy5TxJmSa0PaZ4BEqX3","file":"Shared Documents/General/Hybrid-Team/QH Automation Data/New_Queue Handling Automation Data.xlsx","table":"{2930CAD5-1AD4-4B83-A756-C6C2A09BCC56}","item/TicketID":"@items('Apply_to_each_3')?['number']","item/Assigned to":"@items('Apply_to_each')?['Name']","item/APMID":"@items('Apply_to_each')?['APM ID']","item/Mail ID":"@items('Apply_to_each')?['Mail ID']","item/Flow run date":"@convertFromUtc(utcNow(),'India Standard Time','dd-MMM-yyyy HH:mm')"},"authentication":"@parameters('$authentication')"}},"Post_message_in_a_chat_or_channel":{"runAfter":{"Add_assigned_ticket_data_in_sheet":["Succeeded"]},"metadata":{"operationMetadataId":"5257e3e2-db16-4c99-859f-3e4ee86469f1"},"type":"OpenApiConnection","inputs":{"host":{"apiId":"/providers/Microsoft.PowerApps/apis/shared_teams","connectionName":"shared_teams_1","operationId":"PostMessageToConversation"},"parameters":{"poster":"Flow bot","location":"Chat with Flow bot","body/recipient":"@{items('Apply_to_each')?['Mail ID']};","body/messageBody":"<p>Hello @{items('Apply_to_each')?['Name']},<br>\n\"@{items('Apply_to_each_3')?['number']} has been assigned to you, Please action.\"</p>"},"authentication":"@parameters('$authentication')"}},"Delete_a_row_6":{"runAfter":{"Post_message_in_a_chat_or_channel":["Succeeded"]},"metadata":{"operationMetadataId":"d5b41a78-795b-41d0-bd47-881408386629","tableId":"{AB94A16F-3713-48E8-B1B6-4413C0C7BCF7}","012EFUUMZ5NPQHTTPXERCZ3ZGDEKK45HA5":"/Documents/Queue Handling in Service Now/Book1 - Copy.xlsx","01CIZFCRAHO3S3E3WXXFDINQC3FTBDKFNI":"/General/Queue Handling_Service Desk/Ticket_Assignment Queue.xlsx"},"type":"OpenApiConnection","inputs":{"host":{"apiId":"/providers/Microsoft.PowerApps/apis/shared_excelonlinebusiness","connectionName":"shared_excelonlinebusiness","operationId":"DeleteItem"},"parameters":{"source":"groups/7b519f4d-bbc1-439c-839a-ecca8e8b9cca","drive":"b!JQImw_Ysyk6GPfeO7xHQb3MJzR-wtoBCq4hb212GejpEj7fC_qZXQ4vWCdACy8xp","file":"01CIZFCRAHO3S3E3WXXFDINQC3FTBDKFNI","table":"{AB94A16F-3713-48E8-B1B6-4413C0C7BCF7}","idColumn":"APM ID","id":"@items('Apply_to_each')?['APM ID']"},"authentication":"@parameters('$authentication')"}},"Delay_4":{"runAfter":{"Delete_a_row_6":["Succeeded"]},"metadata":{"operationMetadataId":"cd60029a-0c8d-40f7-bc78-c98e41b18108"},"type":"Wait","inputs":{"interval":{"count":3,"unit":"Second"}}},"Add_a_row_into_a_table_6":{"runAfter":{"Delay_4":["Succeeded"]},"metadata":{"operationMetadataId":"fb45b87b-2803-4d1f-a562-f869b0438b80","tableId":"{AB94A16F-3713-48E8-B1B6-4413C0C7BCF7}","012EFUUMZ5NPQHTTPXERCZ3ZGDEKK45HA5":"/Documents/Queue Handling in Service Now/Book1 - Copy.xlsx"},"type":"OpenApiConnection","inputs":{"host":{"apiId":"/providers/Microsoft.PowerApps/apis/shared_excelonlinebusiness","connectionName":"shared_excelonlinebusiness","operationId":"AddRowV2"},"parameters":{"source":"groups/7b519f4d-bbc1-439c-839a-ecca8e8b9cca","drive":"b!JQImw_Ysyk6GPfeO7xHQb3MJzR-wtoBCq4hb212GejpEj7fC_qZXQ4vWCdACy8xp","file":"/General/Queue Handling_Service Desk/Ticket_Assignment Queue.xlsx","table":"{AB94A16F-3713-48E8-B1B6-4413C0C7BCF7}","item/Name":"@items('Apply_to_each')?['Name']","item/APM ID":"@items('Apply_to_each')?['APM ID']","item/Mail ID":"@items('Apply_to_each')?['Mail ID']"},"authentication":"@parameters('$authentication')"}},"Delay_5":{"runAfter":{"Add_a_row_into_a_table_6":["Succeeded"]},"metadata":{"operationMetadataId":"cd60029a-0c8d-40f7-bc78-c98e41b18108"},"type":"Wait","inputs":{"interval":{"count":8,"unit":"Second"}}}},"runAfter":{},"metadata":{"operationMetadataId":"d7cbe91a-9131-429d-b0d7-8af08d8a175b"},"type":"Foreach"}}},"expression":{"or":[{"contains":["@outputs('Short_description_2')","***VIP***"]},{"equals":["@outputs('VIP_User_2')",true]}]},"metadata":{"operationMetadataId":"c1aaee27-25a1-4307-800f-2fd881dd88db"},"type":"If"},"Get_Record_2":{"runAfter":{"List_rows_present_in_a_table":["Succeeded"]},"metadata":{"operationMetadataId":"04076617-20ff-4b1f-96c4-8c434d8e1ce3"},"type":"OpenApiConnection","inputs":{"host":{"apiId":"/providers/Microsoft.PowerApps/apis/shared_service-now","connectionName":"shared_service-now_1","operationId":"GetRecord"},"parameters":{"tableType":"sys_user","sysid":"@items('Apply_to_each_3')?['caller_id']","sysparm_display_value":false,"sysparm_exclude_reference_link":true},"authentication":"@parameters('$authentication')"}},"VIP_User_2":{"runAfter":{"Get_Record_2":["Succeeded"]},"metadata":{"operationMetadataId":"7bbfb459-f29d-4a14-a842-ec5ea7a6857e"},"type":"Compose","inputs":"@outputs('Get_Record_2')?['body/result/vip']"}},"runAfter":{"List_Records_Incidents":["Succeeded"]},"metadata":{"operationMetadataId":"96ae3c3c-ddd8-421c-8a97-42bb43afb2cb"},"type":"Foreach"},"List_Records_Incidents":{"runAfter":{"Condition_4":["Succeeded","Failed"]},"metadata":{"operationMetadataId":"80f94b7f-e1b7-4be3-a1dd-df2255d3e9d7"},"type":"OpenApiConnection","inputs":{"host":{"apiId":"/providers/Microsoft.PowerApps/apis/shared_service-now","connectionName":"shared_service-now_1","operationId":"GetRecords"},"parameters":{"tableType":"incident","sysparm_display_value":false,"sysparm_exclude_reference_link":true,"sysparm_query":"assignment_group=5456e83d479cfddcdd02e929736d43a1^state=1^assigned_toISEMPTY^active=true^company!=772312771b3f4950eefcfe6bd34bcb6^company!=bcf42ef483ceb1141923ab20ceaad363^company!=5746f29d1b6d8850608786e07e4bcbf3^company!=a02b8cf9377b0240855b19a543990ece^company!=57558a6b1bb34110e28e4009b04bcb96^company!=ddcd9897dbf01c145454d917f39619c5^company!=1c8440b11b63cd1825ea8594e34bcb34^company!=92be2dd4938bf1d0729d7c04fbba102c^ORcompanyISEMPTY^u_record_producer!=9fab39e2d7532100a9ad1e173e24d484^ORu_record_producerISEMPTY"},"authentication":"@parameters('$authentication')"}},"Apply_to_each_11":{"foreach":"@outputs('List_rows_present_in_Login_Sheet')?['body/value']","actions":{"Condition":{"actions":{},"runAfter":{},"else":{"actions":{"Condition_5":{"actions":{"Add_a_row_into_a_table_4":{"runAfter":{"Get_a_row_2":["Succeeded"]},"metadata":{"012EFUUM77TWHW2JHD5RH3PAPHDPLZWRKS":"/Documents/Queue Handling in Service Now/Book1.xlsx","operationMetadataId":"3221a07f-4b89-4a0c-bef0-3b280b9b1072","tableId":"{AB94A16F-3713-48E8-B1B6-4413C0C7BCF7}","01CIZFCRAHO3S3E3WXXFDINQC3FTBDKFNI":"/General/Queue Handling_Service Desk/Ticket_Assignment Queue.xlsx"},"type":"OpenApiConnection","inputs":{"host":{"apiId":"/providers/Microsoft.PowerApps/apis/shared_excelonlinebusiness","connectionName":"shared_excelonlinebusiness_1","operationId":"AddRowV2"},"parameters":{"source":"groups/7b519f4d-bbc1-439c-839a-ecca8e8b9cca","drive":"b!JQImw_Ysyk6GPfeO7xHQb3MJzR-wtoBCq4hb212GejpEj7fC_qZXQ4vWCdACy8xp","file":"01CIZFCRAHO3S3E3WXXFDINQC3FTBDKFNI","table":"{AB94A16F-3713-48E8-B1B6-4413C0C7BCF7}","item/Name":"@outputs('Get_a_row_2')?['body/Name ']","item/APM ID":"@items('Apply_to_each_11')?['APM ID']","item/Mail ID":"@outputs('Get_a_row_2')?['body/Email Address']"},"authentication":"@parameters('$authentication')"}},"Get_a_row_2":{"runAfter":{},"metadata":{"012EFUUMZ5NPQHTTPXERCZ3ZGDEKK45HA5":"/Documents/Queue Handling in Service Now/Book1 - Copy.xlsx","operationMetadataId":"6d404d47-575e-4647-95a8-2fd783e2bef0","tableId":"{1D2B3993-280A-4669-B0D4-B3BCDEE02E53}","01CIZFCRDEYP7HHGM6ANFYT3UXSDL3H75N":"/General/Queue Handling_Service Desk/Member Details.xlsx"},"type":"OpenApiConnection","inputs":{"host":{"apiId":"/providers/Microsoft.PowerApps/apis/shared_excelonlinebusiness","connectionName":"shared_excelonlinebusiness","operationId":"GetItem"},"parameters":{"source":"groups/7b519f4d-bbc1-439c-839a-ecca8e8b9cca","drive":"b!JQImw_Ysyk6GPfeO7xHQb3MJzR-wtoBCq4hb212GejpEj7fC_qZXQ4vWCdACy8xp","file":"01CIZFCRDEYP7HHGM6ANFYT3UXSDL3H75N","table":"{1D2B3993-280A-4669-B0D4-B3BCDEE02E53}","idColumn":"APM ID","id":"@toUpper(items('Apply_to_each_11')?['APM ID'])"},"authentication":"@parameters('$authentication')"}}},"runAfter":{},"else":{"actions":{"Compose_3":{"runAfter":{"Delete_a_row_8":["Succeeded","Failed"]},"metadata":{"operationMetadataId":"5915133a-f4ad-4145-9444-ec4a6b3e8055"},"type":"Compose","inputs":1},"Delete_a_row_8":{"runAfter":{},"metadata":{"012EFUUM77TWHW2JHD5RH3PAPHDPLZWRKS":"/Documents/Queue Handling in Service Now/Book1.xlsx","operationMetadataId":"4b241335-cd72-4adf-b19d-a24f558a1084","tableId":"{AB94A16F-3713-48E8-B1B6-4413C0C7BCF7}","01CIZFCRAHO3S3E3WXXFDINQC3FTBDKFNI":"/General/Queue Handling_Service Desk/Ticket_Assignment Queue.xlsx"},"type":"OpenApiConnection","inputs":{"host":{"apiId":"/providers/Microsoft.PowerApps/apis/shared_excelonlinebusiness","connectionName":"shared_excelonlinebusiness_1","operationId":"DeleteItem"},"parameters":{"source":"groups/7b519f4d-bbc1-439c-839a-ecca8e8b9cca","drive":"b!JQImw_Ysyk6GPfeO7xHQb3MJzR-wtoBCq4hb212GejpEj7fC_qZXQ4vWCdACy8xp","file":"01CIZFCRAHO3S3E3WXXFDINQC3FTBDKFNI","table":"{AB94A16F-3713-48E8-B1B6-4413C0C7BCF7}","idColumn":"APM ID","id":"@items('Apply_to_each_11')?['APM ID']"},"authentication":"@parameters('$authentication')"}}}},"expression":{"and":[{"equals":["@items('Apply_to_each_11')?['Login']","LogIn"]},{"not":{"equals":["@items('Apply_to_each_11')?['Logout']","LogOut"]}}]},"metadata":{"operationMetadataId":"6064f1c3-b078-4b11-86a9-0f961d441fbd"},"type":"If"}}},"expression":{"contains":["@body('Select')","@items('Apply_to_each_11')?['APM ID']"]},"metadata":{"operationMetadataId":"b8e9d543-ca2c-4cee-b068-679d5c2914e7"},"type":"If"}},"runAfter":{"Select":["Succeeded"]},"metadata":{"operationMetadataId":"7eb913d4-0372-476b-a32a-ed38b07d0707"},"type":"Foreach","runtimeConfiguration":{"concurrency":{"repetitions":50}}},"Terminate":{"runAfter":{"INC_Assignment_for_PT_and_Senator_2":["Succeeded"]},"metadata":{"operationMetadataId":"04a2695c-cf4a-447b-8d08-900d0229c178"},"type":"Terminate","inputs":{"runStatus":"Succeeded"}},"List_rows_present_in_Senator_":{"runAfter":{"List_rows_present_in_ticket_assignment_count_sheet":["Succeeded"]},"metadata":{"012EFUUM77TWHW2JHD5RH3PAPHDPLZWRKS":"/Documents/Queue Handling in Service Now/Book1.xlsx","operationMetadataId":"364e8d65-017b-40c7-bc28-08878453d3b0","tableId":"{10EAE239-BC1B-4249-9B4B-F3C0C0F9E7E5}","01CIZFCRAHO3S3E3WXXFDINQC3FTBDKFNI":"/General/Queue Handling_Service Desk/Ticket_Assignment Queue.xlsx","01WASUEWBNNH576EHFUNCLJC6MH37RXGM5":"/General/CatchAll Brands/datatable_senator.xlsx"},"type":"OpenApiConnection","inputs":{"host":{"apiId":"/providers/Microsoft.PowerApps/apis/shared_excelonlinebusiness","connectionName":"shared_excelonlinebusiness","operationId":"GetItems"},"parameters":{"source":"groups/56fdfaf9-3c88-4f81-bd81-619cf5a44d9e","drive":"b!rvlYkZDnrEeE6AMTMhFQ3Gisan59IApKjGWrbIRcUx3MQv9QYniJQY3Go2rc-XXt","file":"01WASUEWBNNH576EHFUNCLJC6MH37RXGM5","table":"{10EAE239-BC1B-4249-9B4B-F3C0C0F9E7E5}"},"authentication":"@parameters('$authentication')"}},"Select_INC_Senator":{"runAfter":{"List_rows_present_in_Senator_":["Succeeded"]},"metadata":{"operationMetadataId":"87e7ba17-9089-4cfd-8d04-f7de98f5768a"},"type":"Select","inputs":{"from":"@outputs('List_rows_present_in_Senator_')?['body/value']","select":"@item()?['ID']"}},"List_rows_present_in_Performance_Team":{"runAfter":{"Select_INC_Senator":["Succeeded"]},"metadata":{"012EFUUM77TWHW2JHD5RH3PAPHDPLZWRKS":"/Documents/Queue Handling in Service Now/Book1.xlsx","operationMetadataId":"364e8d65-017b-40c7-bc28-08878453d3b0","tableId":"{A638C589-EC0C-41C0-9C4A-0B798D991C13}","01CIZFCRAHO3S3E3WXXFDINQC3FTBDKFNI":"/General/Queue Handling_Service Desk/Ticket_Assignment Queue.xlsx","01WASUEWBNNH576EHFUNCLJC6MH37RXGM5":"/General/CatchAll Brands/datatable_senator.xlsx","01WASUEWDHNE7JR57KBVAYEJZL3W37TB6W":"/General/CatchAll Brands/data_table_Performance.xlsx"},"type":"OpenApiConnection","inputs":{"host":{"apiId":"/providers/Microsoft.PowerApps/apis/shared_excelonlinebusiness","connectionName":"shared_excelonlinebusiness","operationId":"GetItems"},"parameters":{"source":"groups/56fdfaf9-3c88-4f81-bd81-619cf5a44d9e","drive":"b!rvlYkZDnrEeE6AMTMhFQ3Gisan59IApKjGWrbIRcUx3MQv9QYniJQY3Go2rc-XXt","file":"01WASUEWDHNE7JR57KBVAYEJZL3W37TB6W","table":"{A638C589-EC0C-41C0-9C4A-0B798D991C13}"},"authentication":"@parameters('$authentication')"}},"Select_INC_PT":{"runAfter":{"List_rows_present_in_Performance_Team":["Succeeded"]},"metadata":{"operationMetadataId":"9ddb3a42-b62e-4531-81b3-12e5f4dabcd0"},"type":"Select","inputs":{"from":"@outputs('List_rows_present_in_Performance_Team')?['body/value']","select":"@item()?['ID']"}},"Union_INC_PT_and_INC_Senator":{"runAfter":{"Select_INC_PT":["Succeeded"]},"metadata":{"operationMetadataId":"be44c371-5eec-4645-9303-90d9b08ea2f4"},"type":"Compose","inputs":"@union(body('Select_INC_PT'), body('Select_INC_Senator'))"},"INC_Assignment_for_PT_and_Senator_2":{"foreach":"@outputs('Union_INC_PT_and_INC_Senator')","actions":{"Apply_to_each_2":{"foreach":"@outputs('List_Records_2')?['body/result']","actions":{"Get_Record_3":{"runAfter":{},"metadata":{"operationMetadataId":"41355a6d-d26b-4e3b-88b4-48666cff77e7"},"type":"OpenApiConnection","inputs":{"host":{"apiId":"/providers/Microsoft.PowerApps/apis/shared_service-now","connectionName":"shared_service-now_1","operationId":"GetRecord"},"parameters":{"tableType":"sys_user","sysid":"@items('Apply_to_each_2')?['caller_id']","sysparm_display_value":false,"sysparm_exclude_reference_link":true},"authentication":"@parameters('$authentication')"}},"VIP_User":{"runAfter":{"Get_Record_3":["Succeeded"]},"metadata":{"operationMetadataId":"6c419817-ea06-4213-8b98-34ee401787b7"},"type":"Compose","inputs":"@outputs('Get_Record_3')?['body/result/vip']"},"Short_Description":{"runAfter":{"VIP_User":["Succeeded"]},"metadata":{"operationMetadataId":"345daad2-d510-421c-aa24-e45030d85dca"},"type":"Compose","inputs":"@items('Apply_to_each_2')?['short_description']"},"Condition_3":{"actions":{"Post_message_in_a_chat_or_channel_5":{"runAfter":{},"metadata":{"operationMetadataId":"79a4f7ca-758d-4e09-8eff-564c1e27f9b8"},"type":"OpenApiConnection","inputs":{"host":{"apiId":"/providers/Microsoft.PowerApps/apis/shared_teams","connectionName":"shared_teams_1","operationId":"PostMessageToConversation"},"parameters":{"poster":"Flow bot","location":"Group chat","body/recipient":"19:c0bbc943d6764823b7fe881ebb46817a@thread.v2","body/messageBody":"<p>=========VIP Ticket=======<br>\nPlease take action on VIP ticket @{items('Apply_to_each_2')?['number']}.</p>"},"authentication":"@parameters('$authentication')"}}},"runAfter":{"Short_Description":["Succeeded"]},"else":{"actions":{"Apply_to_each_10":{"foreach":"@outputs('List_rows_present_in_a_table_3')?['body/value']","actions":{"Update_Record_3":{"runAfter":{},"metadata":{"operationMetadataId":"58a7e2b1-c88f-4f48-9b20-d1af874f05dd"},"type":"OpenApiConnection","inputs":{"host":{"apiId":"/providers/Microsoft.PowerApps/apis/shared_service-now","connectionName":"shared_service-now_2","operationId":"UpdateRecord"},"parameters":{"tableType":"incident","sysid":"@items('Apply_to_each_2')?['sys_id']","sysparm_display_value":false,"sysparm_exclude_reference_link":true,"body/assigned_to":"@items('Apply_to_each_10')?['Mail ID']"},"authentication":"@parameters('$authentication')"}},"Add_assigned_ticket_data_in_sheet_3":{"runAfter":{"Update_Record_3":["Succeeded"]},"metadata":{"012EFUUM77TWHW2JHD5RH3PAPHDPLZWRKS":"/Documents/Queue Handling in Service Now/Book1.xlsx","operationMetadataId":"396e58dd-44f9-4f75-9718-58f81c06cc94","tableId":"{2930CAD5-1AD4-4B83-A756-C6C2A09BCC56}","012EFUUM7DSMPN4NDLJ5ELY43ABAOO6HEM":"/Documents/Queue Handling in Service Now/Automate Queue Handling Data.xlsx","012EFUUMZ5NPQHTTPXERCZ3ZGDEKK45HA5":"/Documents/Queue Handling in Service Now/New_Queue Handling Automation Data.xlsx"},"type":"OpenApiConnection","inputs":{"host":{"apiId":"/providers/Microsoft.PowerApps/apis/shared_excelonlinebusiness","connectionName":"shared_excelonlinebusiness","operationId":"AddRowV2"},"parameters":{"source":"https://teamsite.maerskgroup.com//teams//TechSupportServiceDesk","drive":"b!_pXCc3qe7Ue8loBiZAWGW_WI9xTmqTNKmHS4nBVrErbGvTy5TxJmSa0PaZ4BEqX3","file":"Shared Documents/General/Hybrid-Team/QH Automation Data/New_Queue Handling Automation Data.xlsx","table":"{2930CAD5-1AD4-4B83-A756-C6C2A09BCC56}","item/TicketID":"@items('Apply_to_each_2')?['number']","item/Assigned to":"@items('Apply_to_each_10')?['Name']","item/APMID":"@items('Apply_to_each_10')?['APM ID']","item/Mail ID":"@items('Apply_to_each_10')?['Mail ID']","item/Flow run date":"@convertFromUtc(utcNow(),'India Standard Time','dd-MMM-yyyy HH:mm')"},"authentication":"@parameters('$authentication')"}},"Delete_a_row_10":{"runAfter":{"Post_message_in_a_chat_or_channel_3":["Succeeded"]},"metadata":{"operationMetadataId":"0024792f-226f-4a1d-ae11-6d01d3e54f5b","tableId":"{A638C589-EC0C-41C0-9C4A-0B798D991C13}","012EFUUMZ5NPQHTTPXERCZ3ZGDEKK45HA5":"/Documents/Queue Handling in Service Now/Book1 - Copy.xlsx","01CIZFCRAHO3S3E3WXXFDINQC3FTBDKFNI":"/General/Queue Handling_Service Desk/Ticket_Assignment Queue.xlsx","012EFUUM3NT2DZW33WGNDLYX2ZLPQLBUMQ":"/Documents/Queue Handling in Service Now/Ticket_Assignment Queue.xlsx","01WASUEWDHNE7JR57KBVAYEJZL3W37TB6W":"/General/CatchAll Brands/data_table_Performance.xlsx"},"type":"OpenApiConnection","inputs":{"host":{"apiId":"/providers/Microsoft.PowerApps/apis/shared_excelonlinebusiness","connectionName":"shared_excelonlinebusiness","operationId":"DeleteItem"},"parameters":{"source":"groups/56fdfaf9-3c88-4f81-bd81-619cf5a44d9e","drive":"b!rvlYkZDnrEeE6AMTMhFQ3Gisan59IApKjGWrbIRcUx3MQv9QYniJQY3Go2rc-XXt","file":"01WASUEWDHNE7JR57KBVAYEJZL3W37TB6W","table":"{A638C589-EC0C-41C0-9C4A-0B798D991C13}","idColumn":"ID","id":"@items('Apply_to_each_2')?['number']"},"authentication":"@parameters('$authentication')"}},"Delete_a_row_11":{"runAfter":{"Delete_a_row_10":["Succeeded","Failed"]},"metadata":{"operationMetadataId":"0024792f-226f-4a1d-ae11-6d01d3e54f5b","tableId":"{10EAE239-BC1B-4249-9B4B-F3C0C0F9E7E5}","012EFUUMZ5NPQHTTPXERCZ3ZGDEKK45HA5":"/Documents/Queue Handling in Service Now/Book1 - Copy.xlsx","01CIZFCRAHO3S3E3WXXFDINQC3FTBDKFNI":"/General/Queue Handling_Service Desk/Ticket_Assignment Queue.xlsx","012EFUUM3NT2DZW33WGNDLYX2ZLPQLBUMQ":"/Documents/Queue Handling in Service Now/Ticket_Assignment Queue.xlsx","01WASUEWBNNH576EHFUNCLJC6MH37RXGM5":"/General/CatchAll Brands/datatable_senator.xlsx"},"type":"OpenApiConnection","inputs":{"host":{"apiId":"/providers/Microsoft.PowerApps/apis/shared_excelonlinebusiness","connectionName":"shared_excelonlinebusiness","operationId":"DeleteItem"},"parameters":{"source":"groups/56fdfaf9-3c88-4f81-bd81-619cf5a44d9e","drive":"b!rvlYkZDnrEeE6AMTMhFQ3Gisan59IApKjGWrbIRcUx3MQv9QYniJQY3Go2rc-XXt","file":"01WASUEWBNNH576EHFUNCLJC6MH37RXGM5","table":"{10EAE239-BC1B-4249-9B4B-F3C0C0F9E7E5}","idColumn":"ID","id":"@items('Apply_to_each_2')?['number']"},"authentication":"@parameters('$authentication')"}},"Post_message_in_a_chat_or_channel_3":{"runAfter":{"Add_assigned_ticket_data_in_sheet_3":["Succeeded"]},"metadata":{"operationMetadataId":"5257e3e2-db16-4c99-859f-3e4ee86469f1"},"type":"OpenApiConnection","inputs":{"host":{"apiId":"/providers/Microsoft.PowerApps/apis/shared_teams","connectionName":"shared_teams_1","operationId":"PostMessageToConversation"},"parameters":{"poster":"Flow bot","location":"Chat with Flow bot","body/recipient":"@{outputs('Add_assigned_ticket_data_in_sheet_3')?['body/Mail ID']};","body/messageBody":"<p>Hello @{items('Apply_to_each_10')?['Name']},<br>\n\"@{items('Apply_to_each_2')?['number']} has been assigned to you, Please action.\"</p>"},"authentication":"@parameters('$authentication')"}}},"runAfter":{},"metadata":{"operationMetadataId":"d7cbe91a-9131-429d-b0d7-8af08d8a175b"},"type":"Foreach"},"Apply_to_each_15":{"foreach":"@outputs('List_rows_present_in_a_table_3')?['body/value']","actions":{"Delete_a_row_12":{"runAfter":{},"metadata":{"operationMetadataId":"0024792f-226f-4a1d-ae11-6d01d3e54f5b","tableId":"{AB94A16F-3713-48E8-B1B6-4413C0C7BCF7}","012EFUUMZ5NPQHTTPXERCZ3ZGDEKK45HA5":"/Documents/Queue Handling in Service Now/Book1 - Copy.xlsx","01CIZFCRAHO3S3E3WXXFDINQC3FTBDKFNI":"/General/Queue Handling_Service Desk/Ticket_Assignment Queue.xlsx","012EFUUM3NT2DZW33WGNDLYX2ZLPQLBUMQ":"/Documents/Queue Handling in Service Now/Ticket_Assignment Queue.xlsx"},"type":"OpenApiConnection","inputs":{"host":{"apiId":"/providers/Microsoft.PowerApps/apis/shared_excelonlinebusiness","connectionName":"shared_excelonlinebusiness","operationId":"DeleteItem"},"parameters":{"source":"groups/7b519f4d-bbc1-439c-839a-ecca8e8b9cca","drive":"b!JQImw_Ysyk6GPfeO7xHQb3MJzR-wtoBCq4hb212GejpEj7fC_qZXQ4vWCdACy8xp","file":"01CIZFCRAHO3S3E3WXXFDINQC3FTBDKFNI","table":"{AB94A16F-3713-48E8-B1B6-4413C0C7BCF7}","idColumn":"APM ID","id":"@items('Apply_to_each_15')?['APM ID']"},"authentication":"@parameters('$authentication')"}},"Add_a_row_into_a_table":{"runAfter":{"Delay_6":["Succeeded"]},"metadata":{"operationMetadataId":"ee18b4df-e363-4f0e-9733-0fbc875f4656","tableId":"{AB94A16F-3713-48E8-B1B6-4413C0C7BCF7}","012EFUUMZ5NPQHTTPXERCZ3ZGDEKK45HA5":"/Documents/Queue Handling in Service Now/Book1 - Copy.xlsx","012EFUUM3NT2DZW33WGNDLYX2ZLPQLBUMQ":"/Documents/Queue Handling in Service Now/Ticket_Assignment Queue.xlsx","01CIZFCRAHO3S3E3WXXFDINQC3FTBDKFNI":"/General/Queue Handling_Service Desk/Ticket_Assignment Queue.xlsx"},"type":"OpenApiConnection","inputs":{"host":{"apiId":"/providers/Microsoft.PowerApps/apis/shared_excelonlinebusiness","connectionName":"shared_excelonlinebusiness","operationId":"AddRowV2"},"parameters":{"source":"groups/7b519f4d-bbc1-439c-839a-ecca8e8b9cca","drive":"b!JQImw_Ysyk6GPfeO7xHQb3MJzR-wtoBCq4hb212GejpEj7fC_qZXQ4vWCdACy8xp","file":"01CIZFCRAHO3S3E3WXXFDINQC3FTBDKFNI","table":"{AB94A16F-3713-48E8-B1B6-4413C0C7BCF7}","item/Name":"@items('Apply_to_each_15')?['Name']","item/APM ID":"@items('Apply_to_each_15')?['APM ID']","item/Mail ID":"@items('Apply_to_each_15')?['Mail ID']"},"authentication":"@parameters('$authentication')"}},"Delay_6":{"runAfter":{"Delete_a_row_12":["Succeeded"]},"metadata":{"operationMetadataId":"cd60029a-0c8d-40f7-bc78-c98e41b18108"},"type":"Wait","inputs":{"interval":{"count":3,"unit":"Second"}}},"Delay_8":{"runAfter":{"Add_a_row_into_a_table":["Succeeded"]},"metadata":{"operationMetadataId":"cd60029a-0c8d-40f7-bc78-c98e41b18108"},"type":"Wait","inputs":{"interval":{"count":8,"unit":"Second"}}}},"runAfter":{"Apply_to_each_10":["Succeeded","Failed"]},"metadata":{"operationMetadataId":"2cc12550-653d-4be7-9e91-7b6cec19bb2d"},"type":"Foreach"}}},"expression":{"or":[{"equals":["@outputs('VIP_User')",true]},{"contains":["@outputs('Short_Description')","***VIP***"]}]},"metadata":{"operationMetadataId":"4fad8f44-6053-41d9-a337-4073da12e0f4"},"type":"If"}},"runAfter":{"List_rows_present_in_a_table_3":["Succeeded"]},"metadata":{"operationMetadataId":"b453d0c9-0132-438e-8260-ea74d0dcd7e5"},"type":"Foreach"},"List_Records_2":{"runAfter":{},"metadata":{"operationMetadataId":"1c4971b7-b342-42df-a268-2178ac4750f4"},"type":"OpenApiConnection","inputs":{"host":{"apiId":"/providers/Microsoft.PowerApps/apis/shared_service-now","connectionName":"shared_service-now_2","operationId":"GetRecords"},"parameters":{"tableType":"incident","sysparm_display_value":false,"sysparm_exclude_reference_link":true,"sysparm_query":"assignment_group=5456e83d479cfddcdd02e929736d43a1^active=true^state=1^assigned_toISEMPTY^number=@{items('INC_Assignment_for_PT_and_Senator_2')}"},"authentication":"@parameters('$authentication')"}},"List_rows_present_in_a_table_3":{"runAfter":{"List_Records_2":["Succeeded"]},"metadata":{"012EFUUM77TWHW2JHD5RH3PAPHDPLZWRKS":"/Documents/Queue Handling in Service Now/Book1.xlsx","operationMetadataId":"6bb5749d-1963-4b94-a38b-d1abd7b7b2b3","tableId":"{AB94A16F-3713-48E8-B1B6-4413C0C7BCF7}","012EFUUMZ5NPQHTTPXERCZ3ZGDEKK45HA5":"/Documents/Queue Handling in Service Now/Book1 - Copy.xlsx","01CIZFCRAHO3S3E3WXXFDINQC3FTBDKFNI":"/General/Queue Handling_Service Desk/Ticket_Assignment Queue.xlsx","012EFUUM3NT2DZW33WGNDLYX2ZLPQLBUMQ":"/Documents/Queue Handling in Service Now/Ticket_Assignment Queue.xlsx"},"type":"OpenApiConnection","inputs":{"host":{"apiId":"/providers/Microsoft.PowerApps/apis/shared_excelonlinebusiness","connectionName":"shared_excelonlinebusiness","operationId":"GetItems"},"parameters":{"source":"groups/7b519f4d-bbc1-439c-839a-ecca8e8b9cca","drive":"b!JQImw_Ysyk6GPfeO7xHQb3MJzR-wtoBCq4hb212GejpEj7fC_qZXQ4vWCdACy8xp","file":"01CIZFCRAHO3S3E3WXXFDINQC3FTBDKFNI","table":"{AB94A16F-3713-48E8-B1B6-4413C0C7BCF7}","$top":1},"authentication":"@parameters('$authentication')"}}},"runAfter":{"Apply_to_each_3":["Succeeded","Failed"]},"metadata":{"operationMetadataId":"2c62263d-94ed-4562-9b17-79372496f0cb"},"type":"Foreach"},"Apply_to_each_4":{"foreach":"@outputs('List_Records__Requests')?['body/result']","actions":{"Apply_to_each_5":{"foreach":"@outputs('List_rows_present_in_a_table_2')?['body/value']","actions":{"Update_Record_2":{"runAfter":{},"metadata":{"operationMetadataId":"58a7e2b1-c88f-4f48-9b20-d1af874f05dd"},"type":"OpenApiConnection","inputs":{"host":{"apiId":"/providers/Microsoft.PowerApps/apis/shared_service-now","connectionName":"shared_service-now_1","operationId":"UpdateRecord"},"parameters":{"tableType":"sc_req_item","sysid":"@items('Apply_to_each_4')?['sys_id']","sysparm_display_value":false,"sysparm_exclude_reference_link":true},"authentication":"@parameters('$authentication')"}},"Add_assigned_ticket_data_in_sheet_2":{"runAfter":{"Update_Record_2":["Succeeded"]},"metadata":{"012EFUUM77TWHW2JHD5RH3PAPHDPLZWRKS":"/Documents/Queue Handling in Service Now/Book1.xlsx","operationMetadataId":"396e58dd-44f9-4f75-9718-58f81c06cc94","tableId":"{2930CAD5-1AD4-4B83-A756-C6C2A09BCC56}","012EFUUM7DSMPN4NDLJ5ELY43ABAOO6HEM":"/Documents/Queue Handling in Service Now/Automate Queue Handling Data.xlsx","012EFUUMZ5NPQHTTPXERCZ3ZGDEKK45HA5":"/Documents/Queue Handling in Service Now/Book1 - Copy.xlsx"},"type":"OpenApiConnection","inputs":{"host":{"apiId":"/providers/Microsoft.PowerApps/apis/shared_excelonlinebusiness","connectionName":"shared_excelonlinebusiness","operationId":"AddRowV2"},"parameters":{"source":"https://teamsite.maerskgroup.com//teams//TechSupportServiceDesk","drive":"b!_pXCc3qe7Ue8loBiZAWGW_WI9xTmqTNKmHS4nBVrErbGvTy5TxJmSa0PaZ4BEqX3","file":"Shared Documents/General/Hybrid-Team/QH Automation Data/New_Queue Handling Automation Data.xlsx","table":"{2930CAD5-1AD4-4B83-A756-C6C2A09BCC56}"},"authentication":"@parameters('$authentication')"}},"Post_message_in_a_chat_or_channel_2":{"runAfter":{"Add_assigned_ticket_data_in_sheet_2":["Succeeded"]},"metadata":{"operationMetadataId":"6d26fd65-d62f-4461-bc6f-db57bd4e7392"},"type":"OpenApiConnection","inputs":{"host":{"apiId":"/providers/Microsoft.PowerApps/apis/shared_teams","connectionName":"shared_teams","operationId":"PostMessageToConversation"},"parameters":{"poster":"Flow bot","location":"Chat with Flow bot","body/recipient":"@{items('Apply_to_each_5')?['Mail ID']};","body/messageBody":"<p>Hello @{items('Apply_to_each_5')?['Name']},<br>\n\"@{items('Apply_to_each_4')?['number']} has been assigned to you, Please action.\"</p>"},"authentication":"@parameters('$authentication')"}}},"runAfter":{"List_rows_present_in_a_table_2":["Succeeded"]},"metadata":{"operationMetadataId":"d7cbe91a-9131-429d-b0d7-8af08d8a175b"},"type":"Foreach"},"List_rows_present_in_a_table_2":{"runAfter":{},"metadata":{"012EFUUM77TWHW2JHD5RH3PAPHDPLZWRKS":"/Documents/Queue Handling in Service Now/Book1.xlsx","operationMetadataId":"6bb5749d-1963-4b94-a38b-d1abd7b7b2b3","tableId":"{AB94A16F-3713-48E8-B1B6-4413C0C7BCF7}","012EFUUMZ5NPQHTTPXERCZ3ZGDEKK45HA5":"/Documents/Queue Handling in Service Now/Book1 - Copy.xlsx","01CIZFCRAHO3S3E3WXXFDINQC3FTBDKFNI":"/General/Queue Handling_Service Desk/Ticket_Assignment Queue.xlsx"},"type":"OpenApiConnection","inputs":{"host":{"apiId":"/providers/Microsoft.PowerApps/apis/shared_excelonlinebusiness","connectionName":"shared_excelonlinebusiness","operationId":"GetItems"},"parameters":{"source":"groups/7b519f4d-bbc1-439c-839a-ecca8e8b9cca","drive":"b!JQImw_Ysyk6GPfeO7xHQb3MJzR-wtoBCq4hb212GejpEj7fC_qZXQ4vWCdACy8xp","file":"01CIZFCRAHO3S3E3WXXFDINQC3FTBDKFNI","table":"{AB94A16F-3713-48E8-B1B6-4413C0C7BCF7}","$top":1},"authentication":"@parameters('$authentication')"}},"Apply_to_each_8":{"foreach":"@outputs('List_rows_present_in_a_table_2')?['body/value']","actions":{"Delete_a_row_5":{"runAfter":{},"metadata":{"operationMetadataId":"0024792f-226f-4a1d-ae11-6d01d3e54f5b","tableId":"{AB94A16F-3713-48E8-B1B6-4413C0C7BCF7}","012EFUUMZ5NPQHTTPXERCZ3ZGDEKK45HA5":"/Documents/Queue Handling in Service Now/Book1 - Copy.xlsx","01CIZFCRAHO3S3E3WXXFDINQC3FTBDKFNI":"/General/Queue Handling_Service Desk/Ticket_Assignment Queue.xlsx"},"type":"OpenApiConnection","inputs":{"host":{"apiId":"/providers/Microsoft.PowerApps/apis/shared_excelonlinebusiness","connectionName":"shared_excelonlinebusiness","operationId":"DeleteItem"},"parameters":{"source":"groups/7b519f4d-bbc1-439c-839a-ecca8e8b9cca","drive":"b!JQImw_Ysyk6GPfeO7xHQb3MJzR-wtoBCq4hb212GejpEj7fC_qZXQ4vWCdACy8xp","file":"01CIZFCRAHO3S3E3WXXFDINQC3FTBDKFNI","table":"{AB94A16F-3713-48E8-B1B6-4413C0C7BCF7}","idColumn":"APM ID","id":"@items('Apply_to_each_8')?['APM ID']"},"authentication":"@parameters('$authentication')"}},"Add_a_row_into_a_table_3":{"runAfter":{"Delay_2":["Succeeded"]},"metadata":{"operationMetadataId":"ee18b4df-e363-4f0e-9733-0fbc875f4656","tableId":"{AB94A16F-3713-48E8-B1B6-4413C0C7BCF7}","012EFUUMZ5NPQHTTPXERCZ3ZGDEKK45HA5":"/Documents/Queue Handling in Service Now/Book1 - Copy.xlsx"},"type":"OpenApiConnection","inputs":{"host":{"apiId":"/providers/Microsoft.PowerApps/apis/shared_excelonlinebusiness","connectionName":"shared_excelonlinebusiness","operationId":"AddRowV2"},"parameters":{"source":"groups/7b519f4d-bbc1-439c-839a-ecca8e8b9cca","drive":"b!JQImw_Ysyk6GPfeO7xHQb3MJzR-wtoBCq4hb212GejpEj7fC_qZXQ4vWCdACy8xp","file":"/General/Queue Handling_Service Desk/Ticket_Assignment Queue.xlsx","table":"{AB94A16F-3713-48E8-B1B6-4413C0C7BCF7}"},"authentication":"@parameters('$authentication')"}},"Delay_2":{"runAfter":{"Delete_a_row_5":["Succeeded"]},"metadata":{"operationMetadataId":"cd60029a-0c8d-40f7-bc78-c98e41b18108"},"type":"Wait","inputs":{"interval":{"count":5,"unit":"Second"}}}},"runAfter":{"Apply_to_each_5":["Succeeded"]},"metadata":{"operationMetadataId":"2cc12550-653d-4be7-9e91-7b6cec19bb2d"},"type":"Foreach"},"Delay_3":{"runAfter":{"Apply_to_each_8":["Succeeded"]},"metadata":{"operationMetadataId":"cd60029a-0c8d-40f7-bc78-c98e41b18108"},"type":"Wait","inputs":{"interval":{"count":5,"unit":"Second"}}}},"runAfter":{"List_Records__Requests":["Succeeded"]},"metadata":{"operationMetadataId":"96ae3c3c-ddd8-421c-8a97-42bb43afb2cb"},"type":"Foreach"},"List_Records__Requests":{"runAfter":{"Apply_to_each_7":["Succeeded"]},"metadata":{"operationMetadataId":"0eb35ea9-948f-4cc5-bad9-afd5e36478c7"},"type":"OpenApiConnection","inputs":{"host":{"apiId":"/providers/Microsoft.PowerApps/apis/shared_service-now","connectionName":"shared_service-now_1","operationId":"GetRecords"},"parameters":{"tableType":"sc_req_item","sysparm_display_value":true,"sysparm_exclude_reference_link":true,"sysparm_query":"assignment_group=5456e83d479cfddcdd02e929736d43a1^active=true^state=1^assigned_toISEMPTY"},"authentication":"@parameters('$authentication')"}},"Select_2":{"runAfter":{"Select_3":["Succeeded"]},"metadata":{"operationMetadataId":"481a3870-001c-4135-9a07-b17e36a4c10c"},"type":"Select","inputs":{"from":"@outputs('List_rows_present_in_Login_Sheet')?['body/value']","select":"@item()?['APM ID']"}},"Compose":{"runAfter":{"Compose_2":["Succeeded"]},"metadata":{"operationMetadataId":"2c5d960b-8d30-4483-a840-b51bd6d5c14f"},"type":"Compose","inputs":"@intersection(body('Select_2'),body('Select_3'))"},"Compose_2":{"runAfter":{"Select_2":["Succeeded"]},"metadata":{"operationMetadataId":"1ad44bab-84b8-4f6f-b20e-4fb1696fcf18"},"type":"Compose","inputs":"@union(body('Select_3'),body('Select_2'))"},"Filter_array":{"runAfter":{"Compose":["Succeeded"]},"metadata":{"operationMetadataId":"1365c0a5-e585-49bf-813f-598fcbadb72a"},"type":"Query","inputs":{"from":"@outputs('Compose_2')","where":"@not(contains(outputs('Compose'), item()))"}},"List_rows_present_in_ticket_assignment_count_sheet_2":{"runAfter":{"Apply_to_each_11":["Succeeded"]},"metadata":{"012EFUUM77TWHW2JHD5RH3PAPHDPLZWRKS":"/Documents/Queue Handling in Service Now/Book1.xlsx","operationMetadataId":"364e8d65-017b-40c7-bc28-08878453d3b0","tableId":"{AB94A16F-3713-48E8-B1B6-4413C0C7BCF7}","01CIZFCRAHO3S3E3WXXFDINQC3FTBDKFNI":"/General/Queue Handling_Service Desk/Ticket_Assignment Queue.xlsx"},"type":"OpenApiConnection","inputs":{"host":{"apiId":"/providers/Microsoft.PowerApps/apis/shared_excelonlinebusiness","connectionName":"shared_excelonlinebusiness","operationId":"GetItems"},"parameters":{"source":"groups/7b519f4d-bbc1-439c-839a-ecca8e8b9cca","drive":"b!JQImw_Ysyk6GPfeO7xHQb3MJzR-wtoBCq4hb212GejpEj7fC_qZXQ4vWCdACy8xp","file":"01CIZFCRAHO3S3E3WXXFDINQC3FTBDKFNI","table":"{AB94A16F-3713-48E8-B1B6-4413C0C7BCF7}"},"authentication":"@parameters('$authentication')"}},"Select_3":{"runAfter":{"List_rows_present_in_ticket_assignment_count_sheet_2":["Succeeded"]},"metadata":{"operationMetadataId":"4381d327-2910-4826-b433-b2f72c1219be"},"type":"Select","inputs":{"from":"@outputs('List_rows_present_in_ticket_assignment_count_sheet_2')?['body/value']","select":"@item()?['APM ID']"}},"Apply_to_each_7":{"foreach":"@outputs('List_rows_present_in_a_table')?['body/value']","actions":{"Add_a_row_into_a_table_5":{"runAfter":{"Delay":["Succeeded"]},"metadata":{"operationMetadataId":"fb45b87b-2803-4d1f-a562-f869b0438b80","tableId":"{AB94A16F-3713-48E8-B1B6-4413C0C7BCF7}","012EFUUMZ5NPQHTTPXERCZ3ZGDEKK45HA5":"/Documents/Queue Handling in Service Now/Book1 - Copy.xlsx"},"type":"OpenApiConnection","inputs":{"host":{"apiId":"/providers/Microsoft.PowerApps/apis/shared_excelonlinebusiness","connectionName":"shared_excelonlinebusiness","operationId":"AddRowV2"},"parameters":{"source":"groups/7b519f4d-bbc1-439c-839a-ecca8e8b9cca","drive":"b!JQImw_Ysyk6GPfeO7xHQb3MJzR-wtoBCq4hb212GejpEj7fC_qZXQ4vWCdACy8xp","file":"/General/Queue Handling_Service Desk/Ticket_Assignment Queue.xlsx","table":"{AB94A16F-3713-48E8-B1B6-4413C0C7BCF7}"},"authentication":"@parameters('$authentication')"}},"Delay":{"runAfter":{"Apply_to_each_9":["Succeeded"]},"metadata":{"operationMetadataId":"cd60029a-0c8d-40f7-bc78-c98e41b18108"},"type":"Wait","inputs":{"interval":{"count":5,"unit":"Second"}}},"Delay_7":{"runAfter":{"Add_a_row_into_a_table_5":["Succeeded"]},"metadata":{"operationMetadataId":"cd60029a-0c8d-40f7-bc78-c98e41b18108"},"type":"Wait","inputs":{"interval":{"count":5,"unit":"Second"}}},"Apply_to_each_9":{"foreach":"@outputs('List_rows_present_in_ticket_assignment_count_sheet')?['body/value']","actions":{"Delete_a_row":{"runAfter":{},"metadata":{"operationMetadataId":"d5b41a78-795b-41d0-bd47-881408386629","tableId":"{AB94A16F-3713-48E8-B1B6-4413C0C7BCF7}","012EFUUMZ5NPQHTTPXERCZ3ZGDEKK45HA5":"/Documents/Queue Handling in Service Now/Book1 - Copy.xlsx","01CIZFCRAHO3S3E3WXXFDINQC3FTBDKFNI":"/General/Queue Handling_Service Desk/Ticket_Assignment Queue.xlsx"},"type":"OpenApiConnection","inputs":{"host":{"apiId":"/providers/Microsoft.PowerApps/apis/shared_excelonlinebusiness","connectionName":"shared_excelonlinebusiness","operationId":"DeleteItem"},"parameters":{"source":"groups/7b519f4d-bbc1-439c-839a-ecca8e8b9cca","drive":"b!JQImw_Ysyk6GPfeO7xHQb3MJzR-wtoBCq4hb212GejpEj7fC_qZXQ4vWCdACy8xp","file":"01CIZFCRAHO3S3E3WXXFDINQC3FTBDKFNI","table":"{AB94A16F-3713-48E8-B1B6-4413C0C7BCF7}","idColumn":"Name","id":"@items('Apply_to_each_9')?['Name']"},"authentication":"@parameters('$authentication')"}}},"runAfter":{},"metadata":{"operationMetadataId":"0fe912d9-6b5a-495f-8a6b-d7efbf4531d0"},"type":"Foreach"}},"runAfter":{"Condition_6":["Succeeded"]},"metadata":{"operationMetadataId":"758e0969-0f4f-4be1-839b-dfce3d12eaa7"},"type":"Foreach"},"Condition_4":{"actions":{},"runAfter":{"Filter_array":["Succeeded"]},"else":{"actions":{"Apply_to_each_6":{"foreach":"@body('Filter_array')","actions":{"Delete_a_row_3":{"runAfter":{},"metadata":{"012EFUUM77TWHW2JHD5RH3PAPHDPLZWRKS":"/Documents/Queue Handling in Service Now/Book1.xlsx","operationMetadataId":"d929139e-4dda-49a7-aaca-11e0d108d752","tableId":"{AB94A16F-3713-48E8-B1B6-4413C0C7BCF7}","01CIZFCRAHO3S3E3WXXFDINQC3FTBDKFNI":"/General/Queue Handling_Service Desk/Ticket_Assignment Queue.xlsx"},"type":"OpenApiConnection","inputs":{"host":{"apiId":"/providers/Microsoft.PowerApps/apis/shared_excelonlinebusiness","connectionName":"shared_excelonlinebusiness_1","operationId":"DeleteItem"},"parameters":{"source":"groups/7b519f4d-bbc1-439c-839a-ecca8e8b9cca","drive":"b!JQImw_Ysyk6GPfeO7xHQb3MJzR-wtoBCq4hb212GejpEj7fC_qZXQ4vWCdACy8xp","file":"01CIZFCRAHO3S3E3WXXFDINQC3FTBDKFNI","table":"{AB94A16F-3713-48E8-B1B6-4413C0C7BCF7}","idColumn":"APM ID","id":"@items('Apply_to_each_6')"},"authentication":"@parameters('$authentication')"}}},"runAfter":{},"metadata":{"operationMetadataId":"bceb455a-d751-43a7-b23d-e3e979ad1dd8"},"type":"Foreach"}}},"expression":{"equals":["@empty(body('Filter_array'))","@true"]},"metadata":{"operationMetadataId":"d725e93d-1825-4eab-8174-a7651d57deb7"},"type":"If"},"Condition_6":{"actions":{},"runAfter":{"Terminate":["Succeeded"]},"else":{"actions":{"Delete_a_row_2":{"runAfter":{},"metadata":{"operationMetadataId":"0024792f-226f-4a1d-ae11-6d01d3e54f5b","tableId":"{A638C589-EC0C-41C0-9C4A-0B798D991C13}","012EFUUMZ5NPQHTTPXERCZ3ZGDEKK45HA5":"/Documents/Queue Handling in Service Now/Book1 - Copy.xlsx","01CIZFCRAHO3S3E3WXXFDINQC3FTBDKFNI":"/General/Queue Handling_Service Desk/Ticket_Assignment Queue.xlsx","012EFUUM3NT2DZW33WGNDLYX2ZLPQLBUMQ":"/Documents/Queue Handling in Service Now/Ticket_Assignment Queue.xlsx","01WASUEWDHNE7JR57KBVAYEJZL3W37TB6W":"/General/CatchAll Brands/data_table_Performance.xlsx"},"type":"OpenApiConnection","inputs":{"host":{"apiId":"/providers/Microsoft.PowerApps/apis/shared_excelonlinebusiness","connectionName":"shared_excelonlinebusiness","operationId":"DeleteItem"},"parameters":{"source":"groups/56fdfaf9-3c88-4f81-bd81-619cf5a44d9e","drive":"b!rvlYkZDnrEeE6AMTMhFQ3Gisan59IApKjGWrbIRcUx3MQv9QYniJQY3Go2rc-XXt","file":"01WASUEWDHNE7JR57KBVAYEJZL3W37TB6W","table":"{A638C589-EC0C-41C0-9C4A-0B798D991C13}","idColumn":"ID","id":"123"},"authentication":"@parameters('$authentication')"}},"Delete_a_row_4":{"runAfter":{"Delete_a_row_2":["Succeeded"]},"metadata":{"operationMetadataId":"0024792f-226f-4a1d-ae11-6d01d3e54f5b","tableId":"{10EAE239-BC1B-4249-9B4B-F3C0C0F9E7E5}","012EFUUMZ5NPQHTTPXERCZ3ZGDEKK45HA5":"/Documents/Queue Handling in Service Now/Book1 - Copy.xlsx","01CIZFCRAHO3S3E3WXXFDINQC3FTBDKFNI":"/General/Queue Handling_Service Desk/Ticket_Assignment Queue.xlsx","012EFUUM3NT2DZW33WGNDLYX2ZLPQLBUMQ":"/Documents/Queue Handling in Service Now/Ticket_Assignment Queue.xlsx","01WASUEWBNNH576EHFUNCLJC6MH37RXGM5":"/General/CatchAll Brands/datatable_senator.xlsx"},"type":"OpenApiConnection","inputs":{"host":{"apiId":"/providers/Microsoft.PowerApps/apis/shared_excelonlinebusiness","connectionName":"shared_excelonlinebusiness","operationId":"DeleteItem"},"parameters":{"source":"groups/56fdfaf9-3c88-4f81-bd81-619cf5a44d9e","drive":"b!rvlYkZDnrEeE6AMTMhFQ3Gisan59IApKjGWrbIRcUx3MQv9QYniJQY3Go2rc-XXt","file":"01WASUEWBNNH576EHFUNCLJC6MH37RXGM5","table":"{10EAE239-BC1B-4249-9B4B-F3C0C0F9E7E5}","idColumn":"ID","id":"123"},"authentication":"@parameters('$authentication')"}}}},"expression":{"equals":["@empty(first(coalesce(outputs('List_Records_2')?['body/value'], array()))?['assigned_to'])","@true"]},"metadata":{"operationMetadataId":"48ef65b0-277f-4a33-b42c-f2b547895753"},"type":"If"},"List_rows_present_in_a_table_4":{"runAfter":{"Test_ticket_count":["Succeeded"]},"metadata":{"01CIZFCRAHO3S3E3WXXFDINQC3FTBDKFNI":"/General/Queue Handling_Service Desk/Ticket_Assignment Queue.xlsx","operationMetadataId":"9a8a54be-4adb-4d52-8097-f80fc15207e8","tableId":"{AB94A16F-3713-48E8-B1B6-4413C0C7BCF7}"},"type":"OpenApiConnection","inputs":{"host":{"apiId":"/providers/Microsoft.PowerApps/apis/shared_excelonlinebusiness","connectionName":"shared_excelonlinebusiness_1","operationId":"GetItems"},"parameters":{"source":"groups/7b519f4d-bbc1-439c-839a-ecca8e8b9cca","drive":"b!JQImw_Ysyk6GPfeO7xHQb3MJzR-wtoBCq4hb212GejpEj7fC_qZXQ4vWCdACy8xp","file":"01CIZFCRAHO3S3E3WXXFDINQC3FTBDKFNI","table":"{AB94A16F-3713-48E8-B1B6-4413C0C7BCF7}"},"authentication":"@parameters('$authentication')"}},"Select_4":{"runAfter":{"List_rows_present_in_a_table_4":["Succeeded"]},"metadata":{"operationMetadataId":"73572eb0-0a02-434d-aac1-5cc6087b4540"},"type":"Select","inputs":{"from":"@outputs('List_rows_present_in_a_table_4')?['body/value']","select":"@item()?['APM ID']"}},"Compose_5":{"runAfter":{"Select_4":["Succeeded"]},"metadata":{"operationMetadataId":"29edcb10-d980-47ec-bcb7-57d6f24b9a75"},"type":"Compose","inputs":"@union(body('Select_4'), body('Select_4'))"},"Apply_to_each_12":{"foreach":"@outputs('Compose_5')","actions":{"Filter_array_2":{"runAfter":{},"metadata":{"operationMetadataId":"8af4b0cb-e156-4b32-a055-b1e891d4af0c"},"type":"Query","inputs":{"from":"@body('Select_4')","where":"@equals(item(), items('Apply_to_each_12'))"}},"Compose_6":{"runAfter":{"Filter_array_2":["Succeeded"]},"metadata":{"operationMetadataId":"1df54c65-b629-4598-8f82-50d2f5d2dbe8"},"type":"Compose","inputs":"@length(body('Filter_array_2'))"},"Condition_7":{"actions":{"Delete_a_row_7":{"runAfter":{},"metadata":{"01CIZFCRAHO3S3E3WXXFDINQC3FTBDKFNI":"/General/Queue Handling_Service Desk/Ticket_Assignment Queue.xlsx","operationMetadataId":"0cc2d374-37b2-4c05-93aa-88ef6b332fe5","tableId":"{AB94A16F-3713-48E8-B1B6-4413C0C7BCF7}"},"type":"OpenApiConnection","inputs":{"host":{"apiId":"/providers/Microsoft.PowerApps/apis/shared_excelonlinebusiness","connectionName":"shared_excelonlinebusiness_1","operationId":"DeleteItem"},"parameters":{"source":"groups/7b519f4d-bbc1-439c-839a-ecca8e8b9cca","drive":"b!JQImw_Ysyk6GPfeO7xHQb3MJzR-wtoBCq4hb212GejpEj7fC_qZXQ4vWCdACy8xp","file":"01CIZFCRAHO3S3E3WXXFDINQC3FTBDKFNI","table":"{AB94A16F-3713-48E8-B1B6-4413C0C7BCF7}","idColumn":"APM ID","id":"@items('Apply_to_each_12')"},"authentication":"@parameters('$authentication')"}}},"runAfter":{"Compose_6":["Succeeded"]},"expression":{"greaterOrEquals":["@outputs('Compose_6')",2]},"metadata":{"operationMetadataId":"f5c4040a-4f17-4a79-bdf7-13a944725b4e"},"type":"If"}},"runAfter":{"Compose_5":["Succeeded"]},"metadata":{"operationMetadataId":"2d918f07-b4f0-4d7e-aac8-f075ca93677b"},"type":"Foreach"}}},"connectionReferences":{"shared_excelonlinebusiness":{"connectionName":"shared-excelonlinebu-26a9fe66-8544-4751-9f29-ccd101683ca9","source":"Embedded","id":"/providers/Microsoft.PowerApps/apis/shared_excelonlinebusiness","tier":"NotSpecified"},"shared_excelonlinebusiness_1":{"connectionName":"shared-excelonlinebu-f36c77d7-2fca-4ec1-84b9-c98836e81dd3","source":"Embedded","id":"/providers/Microsoft.PowerApps/apis/shared_excelonlinebusiness","tier":"NotSpecified"},"shared_teams_1":{"connectionName":"shared-teams-055f8817-4cfc-41d6-be9e-c154c8c1dbcf","source":"Embedded","id":"/providers/Microsoft.PowerApps/apis/shared_teams","tier":"NotSpecified"},"shared_service-now_1":{"connectionName":"shared-service-now-997dbb9a-cd99-4b91-83ce-8795d5703bf1","source":"Embedded","id":"/providers/Microsoft.PowerApps/apis/shared_service-now","tier":"NotSpecified"},"shared_service-now_2":{"connectionName":"shared-service-now-997dbb9a-cd99-4b91-83ce-8795d5703bf1","source":"Embedded","id":"/providers/Microsoft.PowerApps/apis/shared_service-now","tier":"NotSpecified"},"shared_teams":{"connectionName":"shared-teams-0615ed50-1b03-408e-8ec3-8afa2c2bc3d6","source":"Embedded","id":"/providers/Microsoft.PowerApps/apis/shared_teams","tier":"NotSpecified"}},"flowFailureAlertSubscribed":false,"isManaged":false}}