{"name":"313a71c3-2fee-4366-a464-df4d2b0d3550","id":"/providers/Microsoft.Flow/flows/313a71c3-2fee-4366-a464-df4d2b0d3550","type":"Microsoft.Flow/flows","properties":{"apiId":"/providers/Microsoft.PowerApps/apis/shared_logicflows","displayName":"Service Desk-  RequestProduction Automate Queue Handling","definition":{"metadata":{"workflowEntityId":null,"processAdvisorMetadata":null,"flowChargedByPaygo":null,"flowclientsuspensionreason":"None","flowclientsuspensiontime":null,"flowclientsuspensionreasondetails":null,"creator":{"id":"48784017-2d90-4776-9ae4-88fb5abff1bb","type":"User","tenantId":"05d75c05-fa1a-42e7-9cf1-eb416c396f2d"},"provisioningMethod":"FromDefinition","failureAlertSubscription":true,"clientLastModifiedTime":"2024-09-25T05:34:20.7686827Z","connectionKeySavedTimeKey":"2024-09-25T05:34:20.7686827Z"},"$schema":"https://schema.management.azure.com/providers/Microsoft.Logic/schemas/2016-06-01/workflowdefinition.json#","contentVersion":"1.0.0.0","parameters":{"$connections":{"defaultValue":{},"type":"Object"},"$authentication":{"defaultValue":{},"type":"SecureObject"}},"triggers":{"Recurrence":{"recurrence":{"frequency":"Minute","interval":5},"metadata":{"operationMetadataId":"0235c3cc-a6ba-4ba5-a068-2d0d4c9c0736"},"type":"Recurrence"}},"actions":{"List_rows_present_in_Login_Sheet":{"runAfter":{"Apply_to_each_2":["Succeeded"]},"metadata":{"012EFUUM77TWHW2JHD5RH3PAPHDPLZWRKS":"/Documents/Queue Handling in Service Now/Book1.xlsx","operationMetadataId":"755216ad-b2c2-4356-bcea-4fb5d11889a6","tableId":"{10F1A1DE-E5C2-453D-8FBD-81C5287CE1D2}","012EFUUM7DSMPN4NDLJ5ELY43ABAOO6HEM":"/Documents/Queue Handling in Service Now/Automate Queue Handling Data.xlsx","012EFUUMZ5NPQHTTPXERCZ3ZGDEKK45HA5":"/Documents/Queue Handling in Service Now/Book1 - Copy.xlsx"},"type":"OpenApiConnection","inputs":{"host":{"apiId":"/providers/Microsoft.PowerApps/apis/shared_excelonlinebusiness","connectionName":"shared_excelonlinebusiness","operationId":"GetItems"},"parameters":{"source":"https://teamsite.maerskgroup.com//teams//TechSupportServiceDesk","drive":"b!_pXCc3qe7Ue8loBiZAWGW_WI9xTmqTNKmHS4nBVrErbGvTy5TxJmSa0PaZ4BEqX3","file":"Shared Documents/General/Hybrid-Team/QH Automation Data/New_Queue Handling Automation Data.xlsx","table":"{10F1A1DE-E5C2-453D-8FBD-81C5287CE1D2}","$filter":"Login eq 'LogIn'"},"authentication":"@parameters('$authentication')"}},"List_rows_present_in_ticket_assignment_count_sheet":{"runAfter":{"List_rows_present_in_Login_Sheet_logout":["Succeeded"]},"metadata":{"012EFUUM77TWHW2JHD5RH3PAPHDPLZWRKS":"/Documents/Queue Handling in Service Now/Book1.xlsx","operationMetadataId":"364e8d65-017b-40c7-bc28-08878453d3b0","tableId":"{898E837E-DBA0-48D5-8E9C-1FC8AAF55A62}","01CIZFCRAHO3S3E3WXXFDINQC3FTBDKFNI":"/General/Queue Handling_Service Desk/Ticket_Assignment Queue.xlsx"},"type":"OpenApiConnection","inputs":{"host":{"apiId":"/providers/Microsoft.PowerApps/apis/shared_excelonlinebusiness","connectionName":"shared_excelonlinebusiness","operationId":"GetItems"},"parameters":{"source":"groups/7b519f4d-bbc1-439c-839a-ecca8e8b9cca","drive":"b!JQImw_Ysyk6GPfeO7xHQb3MJzR-wtoBCq4hb212GejpEj7fC_qZXQ4vWCdACy8xp","file":"01CIZFCRAHO3S3E3WXXFDINQC3FTBDKFNI","table":"{898E837E-DBA0-48D5-8E9C-1FC8AAF55A62}"},"authentication":"@parameters('$authentication')"}},"Filter_persons_in_a_shift":{"runAfter":{"List_rows_present_in_ticket_assignment_count_sheet":["Succeeded"]},"metadata":{"operationMetadataId":"a5ec8f88-081c-4bbf-ae5c-eaf7f22695c7"},"type":"Query","inputs":{"from":"@outputs('List_rows_present_in_ticket_assignment_count_sheet')?['body/value']","where":"@not(equals(item()?['APM ID'], ''))"}},"Select":{"runAfter":{"Filter_persons_in_a_shift":["Succeeded"]},"metadata":{"operationMetadataId":"a5ae2ffe-c7ec-44bb-80c5-133cb5cdab16"},"type":"Select","inputs":{"from":"@body('Filter_persons_in_a_shift')","select":"@item()['APM ID']"}},"Test_ticket_count":{"runAfter":{},"metadata":{"operationMetadataId":"0bafa34c-64eb-410d-a358-b65e04f2d886"},"type":"InitializeVariable","inputs":{"variables":[{"name":"Ticket_count","type":"integer","value":8}]}},"List_Records__Requests":{"runAfter":{"Condition_4":["Succeeded","Failed"]},"metadata":{"operationMetadataId":"0eb35ea9-948f-4cc5-bad9-afd5e36478c7"},"type":"OpenApiConnection","inputs":{"host":{"apiId":"/providers/Microsoft.PowerApps/apis/shared_service-now","connectionName":"shared_service-now","operationId":"GetRecords"},"parameters":{"tableType":"sc_req_item","sysparm_display_value":true,"sysparm_exclude_reference_link":true,"sysparm_query":"assignment_group=5456e83d479cfddcdd02e929736d43a1^active=true^state=1^assigned_toISEMPTY"},"authentication":"@parameters('$authentication')"}},"Apply_to_each_4":{"foreach":"@outputs('List_Records__Requests')?['body/result']","actions":{"List_rows_present_in_a_table_2":{"runAfter":{},"metadata":{"012EFUUM77TWHW2JHD5RH3PAPHDPLZWRKS":"/Documents/Queue Handling in Service Now/Book1.xlsx","operationMetadataId":"6bb5749d-1963-4b94-a38b-d1abd7b7b2b3","tableId":"{898E837E-DBA0-48D5-8E9C-1FC8AAF55A62}","012EFUUMZ5NPQHTTPXERCZ3ZGDEKK45HA5":"/Documents/Queue Handling in Service Now/Book1 - Copy.xlsx","01CIZFCRAHO3S3E3WXXFDINQC3FTBDKFNI":"/General/Queue Handling_Service Desk/Ticket_Assignment Queue.xlsx"},"type":"OpenApiConnection","inputs":{"host":{"apiId":"/providers/Microsoft.PowerApps/apis/shared_excelonlinebusiness","connectionName":"shared_excelonlinebusiness","operationId":"GetItems"},"parameters":{"source":"groups/7b519f4d-bbc1-439c-839a-ecca8e8b9cca","drive":"b!JQImw_Ysyk6GPfeO7xHQb3MJzR-wtoBCq4hb212GejpEj7fC_qZXQ4vWCdACy8xp","file":"01CIZFCRAHO3S3E3WXXFDINQC3FTBDKFNI","table":"{898E837E-DBA0-48D5-8E9C-1FC8AAF55A62}","$top":1},"authentication":"@parameters('$authentication')"}},"Apply_to_each_8":{"foreach":"@outputs('List_rows_present_in_a_table_2')?['body/value']","actions":{"Delete_a_row_5":{"runAfter":{},"metadata":{"operationMetadataId":"0024792f-226f-4a1d-ae11-6d01d3e54f5b","tableId":"{898E837E-DBA0-48D5-8E9C-1FC8AAF55A62}","012EFUUMZ5NPQHTTPXERCZ3ZGDEKK45HA5":"/Documents/Queue Handling in Service Now/Book1 - Copy.xlsx","01CIZFCRAHO3S3E3WXXFDINQC3FTBDKFNI":"/General/Queue Handling_Service Desk/Ticket_Assignment Queue.xlsx"},"type":"OpenApiConnection","inputs":{"host":{"apiId":"/providers/Microsoft.PowerApps/apis/shared_excelonlinebusiness","connectionName":"shared_excelonlinebusiness_1","operationId":"DeleteItem"},"parameters":{"source":"groups/7b519f4d-bbc1-439c-839a-ecca8e8b9cca","drive":"b!JQImw_Ysyk6GPfeO7xHQb3MJzR-wtoBCq4hb212GejpEj7fC_qZXQ4vWCdACy8xp","file":"01CIZFCRAHO3S3E3WXXFDINQC3FTBDKFNI","table":"{898E837E-DBA0-48D5-8E9C-1FC8AAF55A62}","idColumn":"APM ID","id":"@items('Apply_to_each_8')?['APM ID']"},"authentication":"@parameters('$authentication')"}},"Add_a_row_into_a_table_3":{"runAfter":{"Delete_a_row_5":["Succeeded"]},"metadata":{"operationMetadataId":"ee18b4df-e363-4f0e-9733-0fbc875f4656","tableId":"{898E837E-DBA0-48D5-8E9C-1FC8AAF55A62}","012EFUUMZ5NPQHTTPXERCZ3ZGDEKK45HA5":"/Documents/Queue Handling in Service Now/Book1 - Copy.xlsx"},"type":"OpenApiConnection","inputs":{"host":{"apiId":"/providers/Microsoft.PowerApps/apis/shared_excelonlinebusiness","connectionName":"shared_excelonlinebusiness_1","operationId":"AddRowV2"},"parameters":{"source":"groups/7b519f4d-bbc1-439c-839a-ecca8e8b9cca","drive":"b!JQImw_Ysyk6GPfeO7xHQb3MJzR-wtoBCq4hb212GejpEj7fC_qZXQ4vWCdACy8xp","file":"/General/Queue Handling_Service Desk/Ticket_Assignment Queue.xlsx","table":"{898E837E-DBA0-48D5-8E9C-1FC8AAF55A62}","item/Name":"@items('Apply_to_each_8')?['Name']","item/APM ID":"@items('Apply_to_each_8')?['APM ID']","item/Mail ID":"@items('Apply_to_each_8')?['Mail ID']"},"authentication":"@parameters('$authentication')"}},"Delay":{"runAfter":{"Add_a_row_into_a_table_3":["Succeeded"]},"metadata":{"operationMetadataId":"cd60029a-0c8d-40f7-bc78-c98e41b18108"},"type":"Wait","inputs":{"interval":{"count":7,"unit":"Second"}}}},"runAfter":{"Condition_3":["Succeeded"]},"metadata":{"operationMetadataId":"2cc12550-653d-4be7-9e91-7b6cec19bb2d"},"type":"Foreach"},"List_rows_present_in_a_table_3":{"runAfter":{"Apply_to_each_8":["Succeeded"]},"metadata":{"012EFUUM77TWHW2JHD5RH3PAPHDPLZWRKS":"/Documents/Queue Handling in Service Now/Book1.xlsx","operationMetadataId":"6bb5749d-1963-4b94-a38b-d1abd7b7b2b3","tableId":"{898E837E-DBA0-48D5-8E9C-1FC8AAF55A62}","012EFUUMZ5NPQHTTPXERCZ3ZGDEKK45HA5":"/Documents/Queue Handling in Service Now/Book1 - Copy.xlsx","01CIZFCRAHO3S3E3WXXFDINQC3FTBDKFNI":"/General/Queue Handling_Service Desk/Ticket_Assignment Queue.xlsx"},"type":"OpenApiConnection","inputs":{"host":{"apiId":"/providers/Microsoft.PowerApps/apis/shared_excelonlinebusiness","connectionName":"shared_excelonlinebusiness","operationId":"GetItems"},"parameters":{"source":"groups/7b519f4d-bbc1-439c-839a-ecca8e8b9cca","drive":"b!JQImw_Ysyk6GPfeO7xHQb3MJzR-wtoBCq4hb212GejpEj7fC_qZXQ4vWCdACy8xp","file":"01CIZFCRAHO3S3E3WXXFDINQC3FTBDKFNI","table":"{898E837E-DBA0-48D5-8E9C-1FC8AAF55A62}"},"authentication":"@parameters('$authentication')"}},"Short_description_2":{"runAfter":{"List_rows_present_in_a_table_2":["Succeeded"]},"metadata":{"operationMetadataId":"97bf77de-adf8-4aae-9484-8e5d55859cd7"},"type":"Compose","inputs":"@items('Apply_to_each_4')?['short_description']"},"Condition_3":{"actions":{"Post_message_in_a_chat_or_channel_4":{"runAfter":{},"metadata":{"operationMetadataId":"79a4f7ca-758d-4e09-8eff-564c1e27f9b8"},"type":"OpenApiConnection","inputs":{"host":{"apiId":"/providers/Microsoft.PowerApps/apis/shared_teams","connectionName":"shared_teams_1","operationId":"PostMessageToConversation"},"parameters":{"poster":"Flow bot","location":"Group chat","body/recipient":"19:c0bbc943d6764823b7fe881ebb46817a@thread.v2","body/messageBody":"<p>=========VIP Ticket=======<br>\nPlease take action on VIP ticket @{items('Apply_to_each_4')?['number']}.</p>"},"authentication":"@parameters('$authentication')"}}},"runAfter":{"Short_description_2":["Succeeded"]},"else":{"actions":{"Apply_to_each_5":{"foreach":"@outputs('List_rows_present_in_a_table_2')?['body/value']","actions":{"Update_Record_2":{"runAfter":{},"metadata":{"operationMetadataId":"58a7e2b1-c88f-4f48-9b20-d1af874f05dd"},"type":"OpenApiConnection","inputs":{"host":{"apiId":"/providers/Microsoft.PowerApps/apis/shared_service-now","connectionName":"shared_service-now","operationId":"UpdateRecord"},"parameters":{"tableType":"sc_req_item","sysid":"@items('Apply_to_each_4')?['sys_id']","sysparm_display_value":false,"sysparm_exclude_reference_link":true,"body/assigned_to":"@items('Apply_to_each_5')?['Mail ID']"},"authentication":"@parameters('$authentication')"}},"Add_assigned_ticket_data_in_sheet_2":{"runAfter":{"Update_Record_2":["Succeeded"]},"metadata":{"012EFUUM77TWHW2JHD5RH3PAPHDPLZWRKS":"/Documents/Queue Handling in Service Now/Book1.xlsx","operationMetadataId":"396e58dd-44f9-4f75-9718-58f81c06cc94","tableId":"{2930CAD5-1AD4-4B83-A756-C6C2A09BCC56}","012EFUUM7DSMPN4NDLJ5ELY43ABAOO6HEM":"/Documents/Queue Handling in Service Now/Automate Queue Handling Data.xlsx","012EFUUMZ5NPQHTTPXERCZ3ZGDEKK45HA5":"/Documents/Queue Handling in Service Now/Book1 - Copy.xlsx"},"type":"OpenApiConnection","inputs":{"host":{"apiId":"/providers/Microsoft.PowerApps/apis/shared_excelonlinebusiness","connectionName":"shared_excelonlinebusiness_1","operationId":"AddRowV2"},"parameters":{"source":"https://teamsite.maerskgroup.com//teams//TechSupportServiceDesk","drive":"b!_pXCc3qe7Ue8loBiZAWGW_WI9xTmqTNKmHS4nBVrErbGvTy5TxJmSa0PaZ4BEqX3","file":"Shared Documents/General/Hybrid-Team/QH Automation Data/New_Queue Handling Automation Data.xlsx","table":"{2930CAD5-1AD4-4B83-A756-C6C2A09BCC56}","item/TicketID":"@items('Apply_to_each_4')?['number']","item/Assigned to":"@items('Apply_to_each_5')?['Name']","item/APMID":"@items('Apply_to_each_5')?['APM ID']","item/Mail ID":"@items('Apply_to_each_5')?['Mail ID']","item/Flow run date":"@convertFromUtc(utcNow(), 'India Standard Time', 'dd-MMM-yyyy HH:mm')"},"authentication":"@parameters('$authentication')"}},"Post_message_in_a_chat_or_channel_2":{"runAfter":{"Add_assigned_ticket_data_in_sheet_2":["Succeeded"]},"metadata":{"operationMetadataId":"6d26fd65-d62f-4461-bc6f-db57bd4e7392"},"type":"OpenApiConnection","inputs":{"host":{"apiId":"/providers/Microsoft.PowerApps/apis/shared_teams","connectionName":"shared_teams_1","operationId":"PostMessageToConversation"},"parameters":{"poster":"Flow bot","location":"Chat with Flow bot","body/recipient":"@{items('Apply_to_each_5')?['Mail ID']};","body/messageBody":"<p>Hello @{items('Apply_to_each_5')?['Name']},<br>\n\"@{items('Apply_to_each_4')?['number']} has been assigned to you, Please action.\"</p>"},"authentication":"@parameters('$authentication')"}}},"runAfter":{},"metadata":{"operationMetadataId":"d7cbe91a-9131-429d-b0d7-8af08d8a175b"},"type":"Foreach"}}},"expression":{"contains":["@outputs('Short_description_2')","***VIP***"]},"metadata":{"operationMetadataId":"c1aaee27-25a1-4307-800f-2fd881dd88db"},"type":"If"}},"runAfter":{"List_Records__Requests":["Succeeded"]},"metadata":{"operationMetadataId":"96ae3c3c-ddd8-421c-8a97-42bb43afb2cb"},"type":"Foreach"},"Apply_to_each_11":{"foreach":"@outputs('List_rows_present_in_Login_Sheet')?['body/value']","actions":{"Condition":{"actions":{},"runAfter":{},"else":{"actions":{"Condition_5":{"actions":{"Add_a_row_into_a_table_4":{"runAfter":{"Get_a_row_2":["Succeeded"]},"metadata":{"012EFUUM77TWHW2JHD5RH3PAPHDPLZWRKS":"/Documents/Queue Handling in Service Now/Book1.xlsx","operationMetadataId":"3221a07f-4b89-4a0c-bef0-3b280b9b1072","tableId":"{898E837E-DBA0-48D5-8E9C-1FC8AAF55A62}","01CIZFCRAHO3S3E3WXXFDINQC3FTBDKFNI":"/General/Queue Handling_Service Desk/Ticket_Assignment Queue.xlsx"},"type":"OpenApiConnection","inputs":{"host":{"apiId":"/providers/Microsoft.PowerApps/apis/shared_excelonlinebusiness","connectionName":"shared_excelonlinebusiness","operationId":"AddRowV2"},"parameters":{"source":"groups/7b519f4d-bbc1-439c-839a-ecca8e8b9cca","drive":"b!JQImw_Ysyk6GPfeO7xHQb3MJzR-wtoBCq4hb212GejpEj7fC_qZXQ4vWCdACy8xp","file":"01CIZFCRAHO3S3E3WXXFDINQC3FTBDKFNI","table":"{898E837E-DBA0-48D5-8E9C-1FC8AAF55A62}","item/Name":"@outputs('Get_a_row_2')?['body/Name ']","item/APM ID":"@items('Apply_to_each_11')?['APM ID']","item/Mail ID":"@outputs('Get_a_row_2')?['body/Email Address']"},"authentication":"@parameters('$authentication')"}},"Get_a_row_2":{"runAfter":{},"metadata":{"012EFUUMZ5NPQHTTPXERCZ3ZGDEKK45HA5":"/Documents/Queue Handling in Service Now/Book1 - Copy.xlsx","operationMetadataId":"6d404d47-575e-4647-95a8-2fd783e2bef0","tableId":"{1D2B3993-280A-4669-B0D4-B3BCDEE02E53}","01CIZFCRDEYP7HHGM6ANFYT3UXSDL3H75N":"/General/Queue Handling_Service Desk/Member Details.xlsx"},"type":"OpenApiConnection","inputs":{"host":{"apiId":"/providers/Microsoft.PowerApps/apis/shared_excelonlinebusiness","connectionName":"shared_excelonlinebusiness","operationId":"GetItem"},"parameters":{"source":"groups/7b519f4d-bbc1-439c-839a-ecca8e8b9cca","drive":"b!JQImw_Ysyk6GPfeO7xHQb3MJzR-wtoBCq4hb212GejpEj7fC_qZXQ4vWCdACy8xp","file":"01CIZFCRDEYP7HHGM6ANFYT3UXSDL3H75N","table":"{1D2B3993-280A-4669-B0D4-B3BCDEE02E53}","idColumn":"APM ID","id":"@toUpper(items('Apply_to_each_11')?['APM ID'])"},"authentication":"@parameters('$authentication')"}}},"runAfter":{},"else":{"actions":{"Compose_3":{"runAfter":{"Delete_a_row_8":["Succeeded","Failed"]},"metadata":{"operationMetadataId":"5915133a-f4ad-4145-9444-ec4a6b3e8055"},"type":"Compose","inputs":1},"Delete_a_row_8":{"runAfter":{},"metadata":{"012EFUUM77TWHW2JHD5RH3PAPHDPLZWRKS":"/Documents/Queue Handling in Service Now/Book1.xlsx","operationMetadataId":"4b241335-cd72-4adf-b19d-a24f558a1084","tableId":"{898E837E-DBA0-48D5-8E9C-1FC8AAF55A62}","01CIZFCRAHO3S3E3WXXFDINQC3FTBDKFNI":"/General/Queue Handling_Service Desk/Ticket_Assignment Queue.xlsx"},"type":"OpenApiConnection","inputs":{"host":{"apiId":"/providers/Microsoft.PowerApps/apis/shared_excelonlinebusiness","connectionName":"shared_excelonlinebusiness","operationId":"DeleteItem"},"parameters":{"source":"groups/7b519f4d-bbc1-439c-839a-ecca8e8b9cca","drive":"b!JQImw_Ysyk6GPfeO7xHQb3MJzR-wtoBCq4hb212GejpEj7fC_qZXQ4vWCdACy8xp","file":"01CIZFCRAHO3S3E3WXXFDINQC3FTBDKFNI","table":"{898E837E-DBA0-48D5-8E9C-1FC8AAF55A62}","idColumn":"APM ID","id":"@items('Apply_to_each_11')?['APM ID']"},"authentication":"@parameters('$authentication')"}}}},"expression":{"and":[{"equals":["@items('Apply_to_each_11')?['Login']","LogIn"]},{"not":{"equals":["@items('Apply_to_each_11')?['Logout']","LogOut"]}}]},"metadata":{"operationMetadataId":"6064f1c3-b078-4b11-86a9-0f961d441fbd"},"type":"If"}}},"expression":{"contains":["@body('Select')","@items('Apply_to_each_11')?['APM ID']"]},"metadata":{"operationMetadataId":"b8e9d543-ca2c-4cee-b068-679d5c2914e7"},"type":"If"}},"runAfter":{"Check_Logout":["Succeeded"]},"metadata":{"operationMetadataId":"7eb913d4-0372-476b-a32a-ed38b07d0707"},"type":"Foreach"},"Terminate":{"runAfter":{"Apply_to_each_4":["Succeeded"]},"metadata":{"operationMetadataId":"04a2695c-cf4a-447b-8d08-900d0229c178"},"type":"Terminate","inputs":{"runStatus":"Succeeded"}},"List_rows_present_in_Login_Sheet_logout":{"runAfter":{"List_rows_present_in_Login_Sheet":["Succeeded"]},"metadata":{"012EFUUM77TWHW2JHD5RH3PAPHDPLZWRKS":"/Documents/Queue Handling in Service Now/Book1.xlsx","operationMetadataId":"755216ad-b2c2-4356-bcea-4fb5d11889a6","tableId":"{10F1A1DE-E5C2-453D-8FBD-81C5287CE1D2}","012EFUUM7DSMPN4NDLJ5ELY43ABAOO6HEM":"/Documents/Queue Handling in Service Now/Automate Queue Handling Data.xlsx","012EFUUMZ5NPQHTTPXERCZ3ZGDEKK45HA5":"/Documents/Queue Handling in Service Now/Book1 - Copy.xlsx"},"type":"OpenApiConnection","inputs":{"host":{"apiId":"/providers/Microsoft.PowerApps/apis/shared_excelonlinebusiness","connectionName":"shared_excelonlinebusiness","operationId":"GetItems"},"parameters":{"source":"https://teamsite.maerskgroup.com//teams//TechSupportServiceDesk","drive":"b!_pXCc3qe7Ue8loBiZAWGW_WI9xTmqTNKmHS4nBVrErbGvTy5TxJmSa0PaZ4BEqX3","file":"Shared Documents/General/Hybrid-Team/QH Automation Data/New_Queue Handling Automation Data.xlsx","table":"{10F1A1DE-E5C2-453D-8FBD-81C5287CE1D2}","$filter":"Logout eq 'LogOut'"},"authentication":"@parameters('$authentication')"}},"Check_Logout":{"foreach":"@outputs('List_rows_present_in_Login_Sheet_logout')?['body/value']","actions":{"Compose":{"runAfter":{"Delete_a_row_7":["Succeeded","Failed"]},"metadata":{"operationMetadataId":"d44412c3-a023-416c-8356-7a4ad30b305e"},"type":"Compose","inputs":1},"Delete_a_row_7":{"runAfter":{"Delete_a_row_4":["Succeeded","Failed"]},"metadata":{"operationMetadataId":"9a13434c-bb5f-4163-88bc-dc018d652b67","tableId":"{898E837E-DBA0-48D5-8E9C-1FC8AAF55A62}","01CIZFCRAHO3S3E3WXXFDINQC3FTBDKFNI":"/General/Queue Handling_Service Desk/Ticket_Assignment Queue.xlsx"},"type":"OpenApiConnection","inputs":{"host":{"apiId":"/providers/Microsoft.PowerApps/apis/shared_excelonlinebusiness","connectionName":"shared_excelonlinebusiness_1","operationId":"DeleteItem"},"parameters":{"source":"groups/7b519f4d-bbc1-439c-839a-ecca8e8b9cca","drive":"b!JQImw_Ysyk6GPfeO7xHQb3MJzR-wtoBCq4hb212GejpEj7fC_qZXQ4vWCdACy8xp","file":"01CIZFCRAHO3S3E3WXXFDINQC3FTBDKFNI","table":"{898E837E-DBA0-48D5-8E9C-1FC8AAF55A62}","idColumn":"APM ID","id":"@items('Check_Logout')?['APM ID']"},"authentication":"@parameters('$authentication')"}},"Delete_a_row_4":{"runAfter":{},"metadata":{"012EFUUM77TWHW2JHD5RH3PAPHDPLZWRKS":"/Documents/Queue Handling in Service Now/Book1.xlsx","operationMetadataId":"4b241335-cd72-4adf-b19d-a24f558a1084","tableId":"{10F1A1DE-E5C2-453D-8FBD-81C5287CE1D2}","012EFUUM7DSMPN4NDLJ5ELY43ABAOO6HEM":"/Documents/Queue Handling in Service Now/Automate Queue Handling Data.xlsx"},"type":"OpenApiConnection","inputs":{"host":{"apiId":"/providers/Microsoft.PowerApps/apis/shared_excelonlinebusiness","connectionName":"shared_excelonlinebusiness","operationId":"DeleteItem"},"parameters":{"source":"https://teamsite.maerskgroup.com//teams//TechSupportServiceDesk","drive":"b!_pXCc3qe7Ue8loBiZAWGW_WI9xTmqTNKmHS4nBVrErbGvTy5TxJmSa0PaZ4BEqX3","file":"Shared Documents/General/Hybrid-Team/QH Automation Data/New_Queue Handling Automation Data.xlsx","table":"{10F1A1DE-E5C2-453D-8FBD-81C5287CE1D2}","idColumn":"APM ID","id":"@items('Check_Logout')?['APM ID']"},"authentication":"@parameters('$authentication')"}}},"runAfter":{"Select":["Succeeded"]},"metadata":{"operationMetadataId":"ebbba0b8-0ddf-4576-a652-9eefb8590976"},"type":"Foreach","runtimeConfiguration":{"concurrency":{"repetitions":50}}},"List_rows_present_in_ticket_assignment_count_sheet_2":{"runAfter":{"Apply_to_each_11":["Succeeded"]},"metadata":{"012EFUUM77TWHW2JHD5RH3PAPHDPLZWRKS":"/Documents/Queue Handling in Service Now/Book1.xlsx","operationMetadataId":"364e8d65-017b-40c7-bc28-08878453d3b0","tableId":"{898E837E-DBA0-48D5-8E9C-1FC8AAF55A62}","01CIZFCRAHO3S3E3WXXFDINQC3FTBDKFNI":"/General/Queue Handling_Service Desk/Ticket_Assignment Queue.xlsx"},"type":"OpenApiConnection","inputs":{"host":{"apiId":"/providers/Microsoft.PowerApps/apis/shared_excelonlinebusiness","connectionName":"shared_excelonlinebusiness","operationId":"GetItems"},"parameters":{"source":"groups/7b519f4d-bbc1-439c-839a-ecca8e8b9cca","drive":"b!JQImw_Ysyk6GPfeO7xHQb3MJzR-wtoBCq4hb212GejpEj7fC_qZXQ4vWCdACy8xp","file":"01CIZFCRAHO3S3E3WXXFDINQC3FTBDKFNI","table":"{898E837E-DBA0-48D5-8E9C-1FC8AAF55A62}"},"authentication":"@parameters('$authentication')"}},"Select_3":{"runAfter":{"List_rows_present_in_ticket_assignment_count_sheet_2":["Succeeded"]},"metadata":{"operationMetadataId":"4381d327-2910-4826-b433-b2f72c1219be"},"type":"Select","inputs":{"from":"@outputs('List_rows_present_in_ticket_assignment_count_sheet_2')?['body/value']","select":"@item()?['APM ID']"}},"Select_2":{"runAfter":{"Select_3":["Succeeded"]},"metadata":{"operationMetadataId":"481a3870-001c-4135-9a07-b17e36a4c10c"},"type":"Select","inputs":{"from":"@outputs('List_rows_present_in_Login_Sheet')?['body/value']","select":"@item()?['APM ID']"}},"Compose_2":{"runAfter":{"Select_2":["Succeeded"]},"metadata":{"operationMetadataId":"1ad44bab-84b8-4f6f-b20e-4fb1696fcf18"},"type":"Compose","inputs":"@union(body('Select_3'), body('Select_2'))"},"Compose_4":{"runAfter":{"Compose_2":["Succeeded"]},"metadata":{"operationMetadataId":"2c5d960b-8d30-4483-a840-b51bd6d5c14f"},"type":"Compose","inputs":"@intersection(body('Select_2'), body('Select_3'))"},"Filter_array":{"runAfter":{"Compose_4":["Succeeded"]},"metadata":{"operationMetadataId":"1365c0a5-e585-49bf-813f-598fcbadb72a"},"type":"Query","inputs":{"from":"@outputs('Compose_2')","where":"@not(contains(outputs('Compose_4'), item()))"}},"Condition_4":{"actions":{},"runAfter":{"Filter_array":["Succeeded"]},"else":{"actions":{"Apply_to_each":{"foreach":"@body('Filter_array')","actions":{"Delete_a_row":{"runAfter":{},"metadata":{"012EFUUM77TWHW2JHD5RH3PAPHDPLZWRKS":"/Documents/Queue Handling in Service Now/Book1.xlsx","operationMetadataId":"d929139e-4dda-49a7-aaca-11e0d108d752","tableId":"{898E837E-DBA0-48D5-8E9C-1FC8AAF55A62}","01CIZFCRAHO3S3E3WXXFDINQC3FTBDKFNI":"/General/Queue Handling_Service Desk/Ticket_Assignment Queue.xlsx"},"type":"OpenApiConnection","inputs":{"host":{"apiId":"/providers/Microsoft.PowerApps/apis/shared_excelonlinebusiness","connectionName":"shared_excelonlinebusiness_1","operationId":"DeleteItem"},"parameters":{"source":"groups/7b519f4d-bbc1-439c-839a-ecca8e8b9cca","drive":"b!JQImw_Ysyk6GPfeO7xHQb3MJzR-wtoBCq4hb212GejpEj7fC_qZXQ4vWCdACy8xp","file":"01CIZFCRAHO3S3E3WXXFDINQC3FTBDKFNI","table":"{898E837E-DBA0-48D5-8E9C-1FC8AAF55A62}","idColumn":"APM ID","id":"@items('Apply_to_each')"},"authentication":"@parameters('$authentication')"}}},"runAfter":{},"metadata":{"operationMetadataId":"bceb455a-d751-43a7-b23d-e3e979ad1dd8"},"type":"Foreach"}}},"expression":{"equals":["@empty(body('Filter_array'))","@true"]},"metadata":{"operationMetadataId":"d725e93d-1825-4eab-8174-a7651d57deb7"},"type":"If"},"List_rows_present_in_a_table":{"runAfter":{"Test_ticket_count":["Succeeded"]},"metadata":{"01CIZFCRAHO3S3E3WXXFDINQC3FTBDKFNI":"/General/Queue Handling_Service Desk/Ticket_Assignment Queue.xlsx","operationMetadataId":"3dad949d-8b71-4278-ae15-e358c0235e9f","tableId":"{898E837E-DBA0-48D5-8E9C-1FC8AAF55A62}"},"type":"OpenApiConnection","inputs":{"host":{"apiId":"/providers/Microsoft.PowerApps/apis/shared_excelonlinebusiness","connectionName":"shared_excelonlinebusiness_1","operationId":"GetItems"},"parameters":{"source":"groups/7b519f4d-bbc1-439c-839a-ecca8e8b9cca","drive":"b!JQImw_Ysyk6GPfeO7xHQb3MJzR-wtoBCq4hb212GejpEj7fC_qZXQ4vWCdACy8xp","file":"01CIZFCRAHO3S3E3WXXFDINQC3FTBDKFNI","table":"{898E837E-DBA0-48D5-8E9C-1FC8AAF55A62}"},"authentication":"@parameters('$authentication')"}},"Select_4":{"runAfter":{"List_rows_present_in_a_table":["Succeeded"]},"metadata":{"operationMetadataId":"9d87506c-1295-479b-94d6-139c500c1c2b"},"type":"Select","inputs":{"from":"@outputs('List_rows_present_in_a_table')?['body/value']","select":"@item()?['APM ID']"}},"Compose_5":{"runAfter":{"Select_4":["Succeeded"]},"metadata":{"operationMetadataId":"2de5c08d-66f4-4257-bd2a-d055cee652e4"},"type":"Compose","inputs":"@union(body('Select_4'), body('Select_4'))"},"Apply_to_each_2":{"foreach":"@outputs('Compose_5')","actions":{"Filter_array_2":{"runAfter":{},"metadata":{"operationMetadataId":"8af4b0cb-e156-4b32-a055-b1e891d4af0c"},"type":"Query","inputs":{"from":"@body('Select_4')","where":"@equals(item(), items('Apply_to_each_2'))"}},"Compose_6":{"runAfter":{"Filter_array_2":["Succeeded"]},"metadata":{"operationMetadataId":"1df54c65-b629-4598-8f82-50d2f5d2dbe8"},"type":"Compose","inputs":"@length(body('Filter_array_2'))"},"Condition_2":{"actions":{"Delete_a_row_3":{"runAfter":{},"metadata":{"01CIZFCRAHO3S3E3WXXFDINQC3FTBDKFNI":"/General/Queue Handling_Service Desk/Ticket_Assignment Queue.xlsx","operationMetadataId":"0cc2d374-37b2-4c05-93aa-88ef6b332fe5","tableId":"{898E837E-DBA0-48D5-8E9C-1FC8AAF55A62}"},"type":"OpenApiConnection","inputs":{"host":{"apiId":"/providers/Microsoft.PowerApps/apis/shared_excelonlinebusiness","connectionName":"shared_excelonlinebusiness_1","operationId":"DeleteItem"},"parameters":{"source":"groups/7b519f4d-bbc1-439c-839a-ecca8e8b9cca","drive":"b!JQImw_Ysyk6GPfeO7xHQb3MJzR-wtoBCq4hb212GejpEj7fC_qZXQ4vWCdACy8xp","file":"01CIZFCRAHO3S3E3WXXFDINQC3FTBDKFNI","table":"{898E837E-DBA0-48D5-8E9C-1FC8AAF55A62}","idColumn":"APM ID","id":"@items('Apply_to_each_2')"},"authentication":"@parameters('$authentication')"}}},"runAfter":{"Compose_6":["Succeeded"]},"expression":{"greaterOrEquals":["@outputs('Compose_6')",2]},"metadata":{"operationMetadataId":"f5c4040a-4f17-4a79-bdf7-13a944725b4e"},"type":"If"}},"runAfter":{"Compose_5":["Succeeded"]},"metadata":{"operationMetadataId":"2d918f07-b4f0-4d7e-aac8-f075ca93677b"},"type":"Foreach"}}},"connectionReferences":{"shared_excelonlinebusiness":{"connectionName":"shared-excelonlinebu-33305e84-11ed-41ee-9c9c-562996b9b432","source":"Embedded","id":"/providers/Microsoft.PowerApps/apis/shared_excelonlinebusiness","tier":"NotSpecified"},"shared_service-now":{"connectionName":"10614bcfbd664907bce602f62ea59666","source":"Embedded","id":"/providers/Microsoft.PowerApps/apis/shared_service-now","tier":"NotSpecified"},"shared_excelonlinebusiness_1":{"connectionName":"shared-excelonlinebu-33305e84-11ed-41ee-9c9c-562996b9b432","source":"Embedded","id":"/providers/Microsoft.PowerApps/apis/shared_excelonlinebusiness","tier":"NotSpecified"},"shared_teams_1":{"connectionName":"shared-teams-055f8817-4cfc-41d6-be9e-c154c8c1dbcf","source":"Embedded","id":"/providers/Microsoft.PowerApps/apis/shared_teams","tier":"NotSpecified"}},"flowFailureAlertSubscribed":false,"isManaged":false}}